POID,VendorID,Material,Department,Quantity,UnitPrice,TotalAmount,Currency,PODate,ExpectedDelivery,POStatus,PlantCode,PurchasingGroup,VendorName,Country,Category,PaymentTerms,Rating,IsActive,CreditLimit,OnboardingDate,GRID,ReceivedDate,ReceivedQuantity,OrderedQuantity,InspectionResult,GRStatus,InvoiceID,InvoiceDate,InvoiceAmount,TaxAmount,TotalPayable,InvoiceStatus,DueDate,PaymentID,PaymentDate,AmountPaid,DiscountTaken,PaymentMethod,PaymentStatus,DeliveryDelayDays,PaymentDelayDays,ProcurementCycleTime,QuantityFulfillmentRate,IsLateDelivery,IsLatePayment,POYear,POMonth,POMonthName,SpendBand
PO00001,V0001,Printer,Procurement,129,4856.84,626532.36,USD,2024-06-25,2024-07-23,Approved,PLANT03,PG002,Alpha Tech Supplies,USA,Electronics,NET30,4.4,Yes,100000,2018-10-13,GR00001,2024-07-26,111.0,129.0,Passed,Posted,INV00001,2024-08-03,539109.24,97039.66,636148.9,Approved,2024-09-05,PAY00001,2024-09-29,636148.9,0.0,ACH,Completed,3.0,24.0,96.0,86.05,1,1,2024,6,Jun,Strategic (>200K)
PO00002,V0009,Diesel Generator,Finance,233,66.06,15391.98,USD,2023-06-11,2023-07-20,Approved,PLANT03,PG003,Iota Steel Works,Japan,Hardware,2/10NET30,3.0,Yes,50000,2021-09-16,GR00002,2023-08-01,213.0,233.0,Failed,Posted,INV00002,2023-08-05,14070.78,2532.74,16603.52,Approved,2023-09-24,PAY00002,2023-10-03,16603.52,0.0,Wire Transfer,Completed,12.0,9.0,114.0,91.42,1,1,2023,6,Jun,Medium (5K–50K)
PO00003,V0012,Server Rack,IT,312,1034.61,322798.32,USD,2024-06-03,2024-07-18,Approved,PLANT04,PG001,Mu Chemical Corp,Japan,Raw Materials,NET45,4.2,Yes,1000000,2021-07-24,GR00003,2024-08-07,271.0,312.0,Passed,Posted,INV00003,2024-08-09,280379.31,50468.28,330847.59,Pending,2024-10-05,,,,,,,20.0,,,86.86,1,0,2024,6,Jun,Strategic (>200K)
PO00004,V0010,Chemical Solvent,IT,476,1846.75,879053.0,USD,2023-04-25,2023-05-17,Cancelled,PLANT01,PG001,Kappa Office Supplies,UK,Consulting,NET60,5.0,Yes,50000,2020-02-18,,,,,,,,,,,,,,,,,,,,,,,,0,0,2023,4,Apr,Strategic (>200K)
PO00005,V0018,Ethernet Cable,Finance,418,392.6,164106.8,USD,2024-05-12,2024-06-18,Cancelled,PLANT02,PG002,Sigma Plastics Co,Australia,Packaging,NET15,3.4,Yes,1000000,2020-10-07,,,,,,,,,,,,,,,,,,,,,,,,0,0,2024,5,May,Large (50K–200K)
PO00006,V0007,Aluminium Sheet,HR,447,3052.64,1364530.08,USD,2024-06-24,2024-07-20,Pending,PLANT03,PG002,Eta Global Traders,Japan,Chemicals,2/10NET30,3.2,Yes,500000,2021-01-03,,,,,,,,,,,,,,,,,,,,,,,,0,0,2024,6,Jun,Strategic (>200K)
PO00007,V0008,Steel Rod,Manufacturing,232,648.97,150561.04,USD,2024-06-13,2024-06-21,Cancelled,PLANT02,PG003,Theta Packaging Co,USA,Packaging,NET15,2.7,Yes,1000000,2022-12-19,,,,,,,,,,,,,,,,,,,,,,,,0,0,2024,6,Jun,Large (50K–200K)
PO00008,V0002,Chemical Solvent,Operations,4,401.42,1605.68,USD,2023-08-14,2023-08-23,Approved,PLANT01,PG003,BetaCore Industries,USA,Raw Materials,2/10NET30,2.7,No,50000,2018-03-03,GR00004,2023-08-19,3.0,4.0,Passed,Posted,INV00004,2023-08-24,1204.26,216.77,1421.03,Pending,2023-10-08,,,,,,,-4.0,,,75.0,0,0,2023,8,Aug,Small (<5K)
PO00009,V0007,Aluminium Sheet,Finance,143,3361.44,480685.92,USD,2023-09-01,2023-10-14,Cancelled,PLANT04,PG001,Eta Global Traders,Japan,Chemicals,2/10NET30,3.2,Yes,500000,2021-01-03,,,,,,,,,,,,,,,,,,,,,,,,0,0,2023,9,Sep,Strategic (>200K)
PO00010,V0004,Printer,Admin,414,2064.95,854889.3,USD,2024-04-29,2024-05-28,Pending,PLANT04,PG002,Delta Manufacturing,France,IT Services,NET15,3.1,Yes,50000,2022-04-04,,,,,,,,,,,,,,,,,,,,,,,,0,0,2024,4,Apr,Strategic (>200K)
PO00011,V0004,Office Chair,Admin,345,3284.6,1133187.0,USD,2023-02-25,2023-03-25,Approved,PLANT02,PG001,Delta Manufacturing,France,IT Services,NET15,3.1,Yes,50000,2022-04-04,GR00005,2023-03-23,340.0,345.0,Failed,Posted,INV00005,2023-03-28,1116764.0,201017.52,1317781.52,Approved,2023-05-17,PAY00003,2023-06-04,1317781.52,0.0,Wire Transfer,Completed,-2.0,18.0,99.0,98.55,0,1,2023,2,Feb,Strategic (>200K)
PO00012,V0014,Server Rack,Procurement,275,2270.64,624426.0,USD,2023-07-14,2023-08-19,Approved,PLANT01,PG002,Xi Furniture Works,China,IT Services,2/10NET30,3.0,Yes,50000,2019-04-15,GR00006,2023-08-28,220.0,275.0,Passed,Posted,INV00006,2023-09-04,499540.8,89917.34,589458.14,Approved,2023-10-15,PAY00004,2023-10-24,589458.14,0.0,Bank Transfer,Completed,9.0,9.0,102.0,80.0,1,1,2023,7,Jul,Strategic (>200K)
PO00013,V0018,Laptop,Operations,51,300.41,15320.91,USD,2024-07-17,2024-08-08,Approved,PLANT04,PG002,Sigma Plastics Co,Australia,Packaging,NET15,3.4,Yes,1000000,2020-10-07,GR00007,2024-08-25,50.0,51.0,Passed,Posted,INV00007,2024-08-31,15020.5,2703.69,17724.19,Approved,2024-10-14,PAY00005,2024-10-27,17724.19,0.0,ACH,Completed,17.0,13.0,102.0,98.04,1,1,2024,7,Jul,Medium (5K–50K)
PO00014,V0002,Server Rack,Admin,110,4330.02,476302.2,USD,2024-05-07,2024-05-14,Pending,PLANT03,PG002,BetaCore Industries,USA,Raw Materials,2/10NET30,2.7,No,50000,2018-03-03,,,,,,,,,,,,,,,,,,,,,,,,0,0,2024,5,May,Strategic (>200K)
PO00015,V0018,Software License,Finance,217,3498.13,759094.21,USD,2023-10-20,2023-11-08,Approved,PLANT02,PG001,Sigma Plastics Co,Australia,Packaging,NET15,3.4,Yes,1000000,2020-10-07,GR00008,2023-11-08,211.0,217.0,Passed,Posted,INV00008,2023-11-13,738105.43,132858.98,870964.41,Pending,2023-12-27,,,,,,,0.0,,,97.24,0,0,2023,10,Oct,Strategic (>200K)
PO00016,V0011,Office Chair,IT,377,2733.87,1030668.99,USD,2024-08-16,2024-09-29,Pending,PLANT02,PG001,Lambda Logistics,China,Electronics,NET15,4.1,Yes,100000,2020-01-29,,,,,,,,,,,,,,,,,,,,,,,,0,0,2024,8,Aug,Strategic (>200K)
PO00017,V0003,Fire Extinguisher,Operations,42,4264.15,179094.3,USD,2024-06-04,2024-06-26,Pending,PLANT01,PG003,Gamma Solutions Ltd,USA,Office Supplies,NET45,3.1,Yes,1000000,2019-02-12,,,,,,,,,,,,,,,,,,,,,,,,0,0,2024,6,Jun,Large (50K–200K)
PO00018,V0020,Steel Rod,Admin,297,2992.87,888882.39,USD,2023-09-10,2023-10-24,Cancelled,PLANT03,PG002,Upsilon AutoParts,UAE,Consulting,2/10NET30,2.7,No,1000000,2020-08-16,,,,,,,,,,,,,,,,,,,,,,,,0,0,2023,9,Sep,Strategic (>200K)
PO00019,V0008,Plastic Mold,Admin,343,3595.15,1233136.45,USD,2023-07-29,2023-08-13,Approved,PLANT04,PG002,Theta Packaging Co,USA,Packaging,NET15,2.7,Yes,1000000,2022-12-19,GR00009,2023-08-28,299.0,343.0,Passed,Posted,INV00009,2023-09-01,1074949.85,193490.97,1268440.82,Approved,2023-10-19,PAY00006,2023-10-16,1268440.82,0.0,Cheque,Completed,15.0,-3.0,79.0,87.17,1,0,2023,7,Jul,Strategic (>200K)
PO00020,V0019,Printer,Operations,5,2318.51,11592.55,USD,2023-03-16,2023-04-26,Approved,PLANT03,PG001,Tau Energy Systems,USA,Hardware,NET30,4.7,Yes,100000,2022-06-11,GR00010,2023-05-12,4.0,5.0,Passed,Posted,INV00010,2023-05-15,9274.04,1669.33,10943.37,Approved,2023-06-16,PAY00007,2023-07-07,10943.37,0.0,Bank Transfer,Completed,16.0,21.0,113.0,80.0,1,1,2023,3,Mar,Medium (5K–50K)
PO00021,V0008,Network Switch,Procurement,452,390.52,176515.04,USD,2023-12-24,2024-01-10,Pending,PLANT03,PG003,Theta Packaging Co,USA,Packaging,NET15,2.7,Yes,1000000,2022-12-19,,,,,,,,,,,,,,,,,,,,,,,,0,0,2023,12,Dec,Large (50K–200K)
PO00022,V0018,Electric Motor,Operations,271,88.72,24043.12,USD,2024-10-31,2024-11-15,Approved,PLANT01,PG001,Sigma Plastics Co,Australia,Packaging,NET15,3.4,Yes,1000000,2020-10-07,GR00011,2024-11-22,250.0,271.0,Passed,Posted,INV00011,2024-12-01,22180.0,3992.4,26172.4,Pending,2025-01-24,,,,,,,7.0,,,92.25,1,0,2024,10,Oct,Medium (5K–50K)
PO00023,V0020,A4 Paper Ream,Manufacturing,80,1398.12,111849.6,USD,2024-07-20,2024-08-09,Approved,PLANT04,PG002,Upsilon AutoParts,UAE,Consulting,2/10NET30,2.7,No,1000000,2020-08-16,GR00012,2024-08-17,74.0,80.0,Passed,Posted,INV00012,2024-08-21,103460.88,18622.96,122083.84,Disputed,2024-09-21,,,,,,,8.0,,,92.5,1,0,2024,7,Jul,Large (50K–200K)
PO00024,V0009,Office Chair,IT,48,3189.71,153106.08,USD,2023-02-22,2023-03-22,Approved,PLANT03,PG001,Iota Steel Works,Japan,Hardware,2/10NET30,3.0,Yes,50000,2021-09-16,GR00013,2023-03-17,40.0,48.0,Passed,Posted,INV00013,2023-03-26,127588.4,22965.91,150554.31,Pending,2023-05-25,,,,,,,-5.0,,,83.33,0,0,2023,2,Feb,Large (50K–200K)
PO00025,V0018,Laptop,Operations,283,3543.05,1002683.15,USD,2024-03-28,2024-04-08,Approved,PLANT01,PG002,Sigma Plastics Co,Australia,Packaging,NET15,3.4,Yes,1000000,2020-10-07,GR00014,2024-04-21,239.0,283.0,Failed,Posted,INV00014,2024-04-29,846788.95,152422.01,999210.96,Disputed,2024-06-26,,,,,,,13.0,,,84.45,1,0,2024,3,Mar,Strategic (>200K)
PO00026,V0005,Office Chair,Procurement,283,783.06,221605.98,USD,2024-08-19,2024-09-18,Approved,PLANT03,PG001,Epsilon Electronics,Germany,Logistics,NET15,3.4,Yes,100000,2022-04-13,GR00015,2024-09-13,226.0,283.0,Passed,Posted,INV00015,2024-09-21,176971.56,31854.88,208826.44,Approved,2024-10-23,PAY00008,2024-10-30,208826.44,0.0,Bank Transfer,Completed,-5.0,7.0,72.0,79.86,0,1,2024,8,Aug,Strategic (>200K)
PO00027,V0012,Aluminium Sheet,Admin,128,3351.32,428968.96,USD,2024-11-29,2024-12-15,Approved,PLANT02,PG001,Mu Chemical Corp,Japan,Raw Materials,NET45,4.2,Yes,1000000,2021-07-24,GR00016,2024-12-23,120.0,128.0,Passed,Posted,INV00016,2024-12-24,402158.4,72388.51,474546.91,Disputed,2025-02-10,,,,,,,8.0,,,93.75,1,0,2024,11,Nov,Strategic (>200K)
PO00028,V0011,Packaging Box,HR,13,937.84,12191.92,USD,2024-02-27,2024-03-22,Approved,PLANT01,PG002,Lambda Logistics,China,Electronics,NET15,4.1,Yes,100000,2020-01-29,GR00017,2024-03-24,11.0,13.0,Passed,Posted,INV00017,2024-04-03,10316.24,1856.92,12173.16,Disputed,2024-05-07,,,,,,,2.0,,,84.62,1,0,2024,2,Feb,Medium (5K–50K)
PO00029,V0007,Consulting Hours,Manufacturing,440,2379.92,1047164.8,USD,2023-02-09,2023-03-07,Approved,PLANT02,PG001,Eta Global Traders,Japan,Chemicals,2/10NET30,3.2,Yes,500000,2021-01-03,GR00018,2023-03-05,379.0,440.0,Passed,Posted,INV00018,2023-03-13,901989.68,162358.14,1064347.82,Approved,2023-05-12,PAY00009,2023-05-20,1064347.82,0.0,Wire Transfer,Completed,-2.0,8.0,100.0,86.14,0,1,2023,2,Feb,Strategic (>200K)
PO00030,V0009,Steel Rod,Procurement,99,2022.41,200218.59,USD,2024-11-06,2024-12-05,Cancelled,PLANT04,PG003,Iota Steel Works,Japan,Hardware,2/10NET30,3.0,Yes,50000,2021-09-16,,,,,,,,,,,,,,,,,,,,,,,,0,0,2024,11,Nov,Strategic (>200K)
PO00031,V0004,Plastic Mold,Finance,170,4699.22,798867.4,USD,2024-07-03,2024-08-16,Approved,PLANT01,PG001,Delta Manufacturing,France,IT Services,NET15,3.1,Yes,50000,2022-04-04,GR00019,2024-08-23,162.0,170.0,Passed,Posted,INV00019,2024-08-27,761273.64,137029.26,898302.9,Approved,2024-09-30,PAY00010,2024-10-16,898302.9,0.0,Bank Transfer,Completed,7.0,16.0,105.0,95.29,1,1,2024,7,Jul,Strategic (>200K)
PO00032,V0011,Packaging Box,Operations,223,1761.15,392736.45,USD,2024-09-02,2024-10-03,Cancelled,PLANT02,PG002,Lambda Logistics,China,Electronics,NET15,4.1,Yes,100000,2020-01-29,,,,,,,,,,,,,,,,,,,,,,,,0,0,2024,9,Sep,Strategic (>200K)
PO00033,V0017,Aluminium Sheet,HR,363,2208.48,801678.24,USD,2023-02-15,2023-03-17,Pending,PLANT01,PG003,Rho Consulting Group,China,Chemicals,NET45,3.1,Yes,1000000,2020-05-27,,,,,,,,,,,,,,,,,,,,,,,,0,0,2023,2,Feb,Strategic (>200K)
PO00034,V0004,Electric Motor,Procurement,320,1603.88,513241.6,USD,2023-12-05,2024-01-07,Approved,PLANT04,PG003,Delta Manufacturing,France,IT Services,NET15,3.1,Yes,50000,2022-04-04,GR00020,2024-01-04,289.0,320.0,Partial,Posted,INV00020,2024-01-11,463521.32,83433.84,546955.16,Approved,2024-03-02,PAY00011,2024-02-28,546955.16,0.0,Bank Transfer,Completed,-3.0,-3.0,85.0,90.31,0,0,2023,12,Dec,Strategic (>200K)
PO00035,V0014,Industrial Fan,Finance,284,680.07,193139.88,USD,2023-10-30,2023-12-12,Approved,PLANT04,PG003,Xi Furniture Works,China,IT Services,2/10NET30,3.0,Yes,50000,2019-04-15,GR00021,2023-12-27,236.0,284.0,Passed,Posted,INV00021,2023-12-31,160496.52,28889.37,189385.89,Approved,2024-02-25,PAY00012,2024-03-20,189385.89,0.0,Cheque,Completed,15.0,24.0,142.0,83.1,1,1,2023,10,Oct,Large (50K–200K)
PO00036,V0014,Conveyor Belt,Manufacturing,156,1470.22,229354.32,USD,2023-01-01,2023-02-06,Pending,PLANT04,PG003,Xi Furniture Works,China,IT Services,2/10NET30,3.0,Yes,50000,2019-04-15,,,,,,,,,,,,,,,,,,,,,,,,0,0,2023,1,Jan,Strategic (>200K)
PO00037,V0006,Steel Rod,Procurement,262,2392.27,626774.74,USD,2023-08-07,2023-09-15,Cancelled,PLANT03,PG001,Zeta Raw Materials,Japan,Manufacturing,NET30,2.7,Yes,200000,2022-10-02,,,,,,,,,,,,,,,,,,,,,,,,0,0,2023,8,Aug,Strategic (>200K)
PO00038,V0007,Ethernet Cable,IT,345,1586.58,547370.1,USD,2023-08-29,2023-09-07,Approved,PLANT04,PG003,Eta Global Traders,Japan,Chemicals,2/10NET30,3.2,Yes,500000,2021-01-03,GR00022,2023-09-22,327.0,345.0,Partial,Posted,INV00022,2023-09-27,518811.66,93386.1,612197.76,Approved,2023-11-25,PAY00013,2023-12-23,612197.76,0.0,Bank Transfer,Completed,15.0,28.0,116.0,94.78,1,1,2023,8,Aug,Strategic (>200K)
PO00039,V0019,A4 Paper Ream,Admin,234,2101.48,491746.32,USD,2023-03-16,2023-04-23,Pending,PLANT02,PG001,Tau Energy Systems,USA,Hardware,NET30,4.7,Yes,100000,2022-06-11,,,,,,,,,,,,,,,,,,,,,,,,0,0,2023,3,Mar,Strategic (>200K)
PO00040,V0004,Packaging Box,HR,353,77.45,27339.85,USD,2024-11-02,2024-11-20,Cancelled,PLANT04,PG001,Delta Manufacturing,France,IT Services,NET15,3.1,Yes,50000,2022-04-04,,,,,,,,,,,,,,,,,,,,,,,,0,0,2024,11,Nov,Medium (5K–50K)
PO00041,V0004,Consulting Hours,Finance,128,4591.48,587709.44,USD,2024-07-24,2024-08-29,Cancelled,PLANT03,PG002,Delta Manufacturing,France,IT Services,NET15,3.1,Yes,50000,2022-04-04,,,,,,,,,,,,,,,,,,,,,,,,0,0,2024,7,Jul,Strategic (>200K)
PO00042,V0017,Packaging Box,Logistics,418,3610.41,1509151.38,USD,2024-09-19,2024-10-06,Pending,PLANT04,PG002,Rho Consulting Group,China,Chemicals,NET45,3.1,Yes,1000000,2020-05-27,,,,,,,,,,,,,,,,,,,,,,,,0,0,2024,9,Sep,Strategic (>200K)
PO00043,V0017,Software License,HR,431,3206.42,1381967.02,USD,2023-09-11,2023-10-05,Pending,PLANT01,PG003,Rho Consulting Group,China,Chemicals,NET45,3.1,Yes,1000000,2020-05-27,,,,,,,,,,,,,,,,,,,,,,,,0,0,2023,9,Sep,Strategic (>200K)
PO00044,V0011,Aluminium Sheet,Operations,121,1394.99,168793.79,USD,2023-10-20,2023-11-04,Approved,PLANT02,PG002,Lambda Logistics,China,Electronics,NET15,4.1,Yes,100000,2020-01-29,GR00023,2023-11-20,107.0,121.0,Passed,Posted,INV00023,2023-11-22,149263.93,26867.51,176131.44,Pending,2024-01-08,,,,,,,16.0,,,88.43,1,0,2023,10,Oct,Large (50K–200K)
PO00045,V0003,Packaging Box,Admin,79,3546.77,280194.83,USD,2024-12-11,2025-01-08,Cancelled,PLANT04,PG002,Gamma Solutions Ltd,USA,Office Supplies,NET45,3.1,Yes,1000000,2019-02-12,,,,,,,,,,,,,,,,,,,,,,,,0,0,2024,12,Dec,Strategic (>200K)
PO00046,V0013,Conveyor Belt,IT,106,4172.81,442317.86,USD,2023-03-05,2023-04-17,Pending,PLANT04,PG001,Nu Paper Mills,Germany,Office Supplies,2/10NET30,4.3,Yes,500000,2020-02-17,,,,,,,,,,,,,,,,,,,,,,,,0,0,2023,3,Mar,Strategic (>200K)
PO00047,V0014,Aluminium Sheet,HR,153,3779.7,578294.1,USD,2023-12-27,2024-02-03,Approved,PLANT03,PG002,Xi Furniture Works,China,IT Services,2/10NET30,3.0,Yes,50000,2019-04-15,GR00024,2024-02-01,126.0,153.0,Partial,Posted,INV00024,2024-02-10,476242.2,85723.6,561965.8,Approved,2024-04-07,PAY00014,2024-05-02,561965.8,0.0,Cheque,Completed,-2.0,25.0,127.0,82.35,0,1,2023,12,Dec,Strategic (>200K)
PO00048,V0013,Server Rack,Logistics,15,1974.84,29622.6,USD,2024-05-12,2024-05-27,Cancelled,PLANT01,PG002,Nu Paper Mills,Germany,Office Supplies,2/10NET30,4.3,Yes,500000,2020-02-17,,,,,,,,,,,,,,,,,,,,,,,,0,0,2024,5,May,Medium (5K–50K)
PO00049,V0003,Packaging Box,Finance,289,3331.85,962904.65,USD,2024-08-29,2024-10-04,Approved,PLANT01,PG002,Gamma Solutions Ltd,USA,Office Supplies,NET45,3.1,Yes,1000000,2019-02-12,GR00025,2024-10-22,253.0,289.0,Passed,Posted,INV00025,2024-10-31,842958.05,151732.45,994690.5,Pending,2024-12-29,,,,,,,18.0,,,87.54,1,0,2024,8,Aug,Strategic (>200K)
PO00050,V0011,Safety Gloves,Admin,168,1097.72,184416.96,USD,2024-01-24,2024-02-17,Pending,PLANT03,PG001,Lambda Logistics,China,Electronics,NET15,4.1,Yes,100000,2020-01-29,,,,,,,,,,,,,,,,,,,,,,,,0,0,2024,1,Jan,Large (50K–200K)
PO00051,V0002,Network Switch,HR,10,3757.67,37576.7,USD,2024-04-26,2024-05-07,Approved,PLANT01,PG001,BetaCore Industries,USA,Raw Materials,2/10NET30,2.7,No,50000,2018-03-03,GR00026,2024-05-27,8.0,10.0,Passed,Posted,INV00026,2024-06-06,30061.36,5411.04,35472.4,Disputed,2024-07-22,,,,,,,20.0,,,80.0,1,0,2024,4,Apr,Medium (5K–50K)
PO00052,V0005,Chemical Solvent,Finance,430,150.88,64878.4,USD,2023-07-24,2023-08-30,Approved,PLANT02,PG002,Epsilon Electronics,Germany,Logistics,NET15,3.4,Yes,100000,2022-04-13,GR00027,2023-09-01,391.0,430.0,Partial,Posted,INV00027,2023-09-03,58994.08,10618.93,69613.01,Pending,2023-10-07,,,,,,,2.0,,,90.93,1,0,2023,7,Jul,Large (50K–200K)
PO00053,V0006,Fire Extinguisher,Operations,132,3846.15,507691.8,USD,2024-12-17,2025-01-03,Approved,PLANT01,PG003,Zeta Raw Materials,Japan,Manufacturing,NET30,2.7,Yes,200000,2022-10-02,GR00028,2024-12-31,126.0,132.0,Passed,Posted,INV00028,2024-12-31,484614.9,87230.68,571845.58,Disputed,2025-02-17,,,,,,,-3.0,,,95.45,0,0,2024,12,Dec,Strategic (>200K)
PO00054,V0013,Industrial Fan,HR,476,1594.19,758834.44,USD,2023-01-27,2023-02-07,Cancelled,PLANT02,PG001,Nu Paper Mills,Germany,Office Supplies,2/10NET30,4.3,Yes,500000,2020-02-17,,,,,,,,,,,,,,,,,,,,,,,,0,0,2023,1,Jan,Strategic (>200K)
PO00055,V0020,Printer,IT,396,1542.83,610960.68,USD,2024-12-14,2025-01-12,Cancelled,PLANT04,PG003,Upsilon AutoParts,UAE,Consulting,2/10NET30,2.7,No,1000000,2020-08-16,,,,,,,,,,,,,,,,,,,,,,,,0,0,2024,12,Dec,Strategic (>200K)
PO00056,V0011,Laptop,Admin,36,2554.51,91962.36,USD,2024-01-15,2024-02-22,Approved,PLANT04,PG002,Lambda Logistics,China,Electronics,NET15,4.1,Yes,100000,2020-01-29,GR00029,2024-03-09,35.0,36.0,Partial,Posted,INV00029,2024-03-11,89407.85,16093.41,105501.26,Disputed,2024-05-04,,,,,,,16.0,,,97.22,1,0,2024,1,Jan,Large (50K–200K)
PO00057,V0005,Packaging Box,Finance,457,4152.1,1897509.7,USD,2024-10-12,2024-11-21,Approved,PLANT04,PG002,Epsilon Electronics,Germany,Logistics,NET15,3.4,Yes,100000,2022-04-13,GR00030,2024-12-05,412.0,457.0,Failed,Posted,INV00030,2024-12-10,1710665.2,307919.74,2018584.94,Disputed,2025-02-06,,,,,,,14.0,,,90.15,1,0,2024,10,Oct,Strategic (>200K)
PO00058,V0009,Safety Gloves,HR,423,3668.58,1551809.34,USD,2024-03-22,2024-04-03,Approved,PLANT04,PG001,Iota Steel Works,Japan,Hardware,2/10NET30,3.0,Yes,50000,2021-09-16,GR00031,2024-04-07,393.0,423.0,Failed,Posted,INV00031,2024-04-14,1441751.94,259515.35,1701267.29,Approved,2024-05-26,PAY00015,2024-05-29,1701267.29,0.0,Bank Transfer,Completed,4.0,3.0,68.0,92.91,1,1,2024,3,Mar,Strategic (>200K)
PO00059,V0013,Safety Gloves,IT,292,3071.14,896772.88,USD,2024-04-20,2024-05-28,Approved,PLANT02,PG002,Nu Paper Mills,Germany,Office Supplies,2/10NET30,4.3,Yes,500000,2020-02-17,GR00032,2024-06-04,240.0,292.0,Partial,Posted,INV00032,2024-06-14,737073.6,132673.25,869746.85,Disputed,2024-07-29,,,,,,,7.0,,,82.19,1,0,2024,4,Apr,Strategic (>200K)
PO00060,V0011,Plastic Mold,Procurement,182,3999.27,727867.14,USD,2023-08-06,2023-09-17,Approved,PLANT02,PG001,Lambda Logistics,China,Electronics,NET15,4.1,Yes,100000,2020-01-29,GR00033,2023-09-14,164.0,182.0,Passed,Posted,INV00033,2023-09-17,655880.28,118058.45,773938.73,Approved,2023-10-29,PAY00016,2023-11-25,773938.73,0.0,Wire Transfer,Completed,-3.0,27.0,111.0,90.11,0,1,2023,8,Aug,Strategic (>200K)
PO00061,V0018,Chemical Solvent,Logistics,369,2061.82,760811.58,USD,2023-09-05,2023-10-13,Pending,PLANT01,PG001,Sigma Plastics Co,Australia,Packaging,NET15,3.4,Yes,1000000,2020-10-07,,,,,,,,,,,,,,,,,,,,,,,,0,0,2023,9,Sep,Strategic (>200K)
PO00062,V0008,Electric Motor,Manufacturing,114,2051.79,233904.06,USD,2023-10-29,2023-12-05,Cancelled,PLANT03,PG002,Theta Packaging Co,USA,Packaging,NET15,2.7,Yes,1000000,2022-12-19,,,,,,,,,,,,,,,,,,,,,,,,0,0,2023,10,Oct,Strategic (>200K)
PO00063,V0015,Plastic Mold,Procurement,170,1791.46,304548.2,USD,2024-07-17,2024-08-09,Approved,PLANT01,PG003,Omicron IT Services,India,Logistics,NET60,3.5,Yes,100000,2021-03-07,GR00034,2024-08-14,140.0,170.0,Failed,Posted,INV00034,2024-08-24,250804.4,45144.79,295949.19,Disputed,2024-10-14,,,,,,,5.0,,,82.35,1,0,2024,7,Jul,Strategic (>200K)
PO00064,V0018,Server Rack,HR,162,641.8,103971.6,USD,2023-07-17,2023-08-06,Pending,PLANT03,PG003,Sigma Plastics Co,Australia,Packaging,NET15,3.4,Yes,1000000,2020-10-07,,,,,,,,,,,,,,,,,,,,,,,,0,0,2023,7,Jul,Large (50K–200K)
PO00065,V0010,Printer,HR,390,2646.95,1032310.5,USD,2024-08-26,2024-09-20,Approved,PLANT03,PG001,Kappa Office Supplies,UK,Consulting,NET60,5.0,Yes,50000,2020-02-18,GR00035,2024-09-26,354.0,390.0,Failed,Posted,INV00035,2024-09-27,937020.3,168663.65,1105683.95,Pending,2024-11-24,,,,,,,6.0,,,90.77,1,0,2024,8,Aug,Strategic (>200K)
PO00066,V0005,Plastic Mold,IT,8,3554.69,28437.52,USD,2023-11-06,2023-11-16,Cancelled,PLANT03,PG003,Epsilon Electronics,Germany,Logistics,NET15,3.4,Yes,100000,2022-04-13,,,,,,,,,,,,,,,,,,,,,,,,0,0,2023,11,Nov,Medium (5K–50K)
PO00067,V0016,Printer,IT,327,4348.88,1422083.76,USD,2023-05-10,2023-06-22,Approved,PLANT04,PG002,Pi Hardware Ltd,Japan,Manufacturing,NET45,4.1,No,500000,2018-10-20,GR00036,2023-07-11,266.0,327.0,Passed,Posted,INV00036,2023-07-15,1156802.08,208224.37,1365026.45,Approved,2023-09-06,PAY00017,2023-09-18,1365026.45,0.0,Wire Transfer,Completed,19.0,12.0,131.0,81.35,1,1,2023,5,May,Strategic (>200K)
PO00068,V0002,Plastic Mold,Logistics,175,962.6,168455.0,USD,2024-03-27,2024-04-10,Approved,PLANT04,PG002,BetaCore Industries,USA,Raw Materials,2/10NET30,2.7,No,50000,2018-03-03,GR00037,2024-04-05,149.0,175.0,Passed,Posted,INV00037,2024-04-10,143427.4,25816.93,169244.33,Approved,2024-05-10,PAY00018,2024-06-02,169244.33,0.0,Cheque,Completed,-5.0,23.0,67.0,85.14,0,1,2024,3,Mar,Large (50K–200K)
PO00069,V0002,Ethernet Cable,Finance,296,3165.76,937064.96,USD,2023-03-17,2023-04-29,Approved,PLANT01,PG001,BetaCore Industries,USA,Raw Materials,2/10NET30,2.7,No,50000,2018-03-03,GR00038,2023-05-19,260.0,296.0,Partial,Posted,INV00038,2023-05-24,823097.6,148157.57,971255.17,Approved,2023-07-01,PAY00019,2023-07-28,971255.17,0.0,ACH,Completed,20.0,27.0,133.0,87.84,1,1,2023,3,Mar,Strategic (>200K)
PO00070,V0020,Fire Extinguisher,HR,286,3834.0,1096524.0,USD,2023-05-02,2023-06-11,Pending,PLANT04,PG002,Upsilon AutoParts,UAE,Consulting,2/10NET30,2.7,No,1000000,2020-08-16,,,,,,,,,,,,,,,,,,,,,,,,0,0,2023,5,May,Strategic (>200K)
PO00071,V0014,Electric Motor,IT,441,2963.2,1306771.2,USD,2023-11-01,2023-11-14,Approved,PLANT02,PG002,Xi Furniture Works,China,IT Services,2/10NET30,3.0,Yes,50000,2019-04-15,GR00039,2023-12-03,389.0,441.0,Failed,Posted,INV00039,2023-12-05,1152684.8,207483.26,1360168.06,Approved,2024-01-08,PAY00020,2024-02-07,1360168.06,0.0,Cheque,Completed,19.0,30.0,98.0,88.21,1,1,2023,11,Nov,Strategic (>200K)
PO00072,V0006,Aluminium Sheet,Operations,42,827.43,34752.06,USD,2024-11-07,2024-11-24,Approved,PLANT04,PG002,Zeta Raw Materials,Japan,Manufacturing,NET30,2.7,Yes,200000,2022-10-02,GR00040,2024-11-21,38.0,42.0,Partial,Posted,INV00040,2024-11-29,31442.34,5659.62,37101.96,Approved,2025-01-06,PAY00021,2024-12-31,37101.96,0.0,ACH,Completed,-3.0,-6.0,54.0,90.48,0,0,2024,11,Nov,Medium (5K–50K)
PO00073,V0002,Chemical Solvent,Procurement,305,2376.07,724701.35,USD,2024-12-06,2024-12-31,Pending,PLANT01,PG003,BetaCore Industries,USA,Raw Materials,2/10NET30,2.7,No,50000,2018-03-03,,,,,,,,,,,,,,,,,,,,,,,,0,0,2024,12,Dec,Strategic (>200K)
PO00074,V0019,A4 Paper Ream,Admin,474,1359.55,644426.7,USD,2023-08-28,2023-09-11,Cancelled,PLANT02,PG003,Tau Energy Systems,USA,Hardware,NET30,4.7,Yes,100000,2022-06-11,,,,,,,,,,,,,,,,,,,,,,,,0,0,2023,8,Aug,Strategic (>200K)
PO00075,V0005,Steel Rod,IT,466,1364.88,636034.08,USD,2023-06-02,2023-06-19,Approved,PLANT03,PG002,Epsilon Electronics,Germany,Logistics,NET15,3.4,Yes,100000,2022-04-13,GR00041,2023-06-18,398.0,466.0,Passed,Posted,INV00041,2023-06-28,543222.24,97780.0,641002.24,Approved,2023-08-03,PAY00022,2023-08-09,641002.24,0.0,ACH,Completed,-1.0,6.0,68.0,85.41,0,1,2023,6,Jun,Strategic (>200K)
PO00076,V0013,Plastic Mold,Logistics,240,3458.96,830150.4,USD,2023-05-08,2023-06-12,Approved,PLANT01,PG002,Nu Paper Mills,Germany,Office Supplies,2/10NET30,4.3,Yes,500000,2020-02-17,GR00042,2023-06-23,236.0,240.0,Partial,Posted,INV00042,2023-06-27,816314.56,146936.62,963251.18,Pending,2023-08-19,,,,,,,11.0,,,98.33,1,0,2023,5,May,Strategic (>200K)
PO00077,V0003,Chemical Solvent,IT,310,1289.32,399689.2,USD,2023-11-27,2023-12-21,Cancelled,PLANT01,PG001,Gamma Solutions Ltd,USA,Office Supplies,NET45,3.1,Yes,1000000,2019-02-12,,,,,,,,,,,,,,,,,,,,,,,,0,0,2023,11,Nov,Strategic (>200K)
PO00078,V0009,Server Rack,Admin,266,3274.97,871142.02,USD,2024-04-26,2024-06-03,Approved,PLANT04,PG002,Iota Steel Works,Japan,Hardware,2/10NET30,3.0,Yes,50000,2021-09-16,GR00043,2024-06-08,233.0,266.0,Passed,Posted,INV00043,2024-06-17,763068.01,137352.24,900420.25,Approved,2024-08-12,PAY00023,2024-08-29,900420.25,0.0,Wire Transfer,Completed,5.0,17.0,125.0,87.59,1,1,2024,4,Apr,Strategic (>200K)
PO00079,V0004,Server Rack,Manufacturing,171,1639.24,280310.04,USD,2024-02-23,2024-03-27,Pending,PLANT03,PG003,Delta Manufacturing,France,IT Services,NET15,3.1,Yes,50000,2022-04-04,,,,,,,,,,,,,,,,,,,,,,,,0,0,2024,2,Feb,Strategic (>200K)
PO00080,V0002,Consulting Hours,Operations,417,3814.47,1590633.99,USD,2024-02-15,2024-03-13,Approved,PLANT03,PG001,BetaCore Industries,USA,Raw Materials,2/10NET30,2.7,No,50000,2018-03-03,GR00044,2024-03-17,391.0,417.0,Passed,Posted,INV00044,2024-03-26,1491457.77,268462.4,1759920.17,Approved,2024-04-27,PAY00024,2024-05-26,1759920.17,0.0,ACH,Completed,4.0,29.0,101.0,93.76,1,1,2024,2,Feb,Strategic (>200K)
PO00081,V0001,Aluminium Sheet,Logistics,443,2597.25,1150581.75,USD,2024-02-18,2024-03-22,Approved,PLANT02,PG003,Alpha Tech Supplies,USA,Electronics,NET30,4.4,Yes,100000,2018-10-13,GR00045,2024-03-18,376.0,443.0,Passed,Posted,INV00045,2024-03-27,976566.0,175781.88,1152347.88,Pending,2024-04-30,,,,,,,-4.0,,,84.88,0,0,2024,2,Feb,Strategic (>200K)
PO00082,V0015,Office Chair,HR,319,3794.39,1210410.41,USD,2024-01-06,2024-01-30,Cancelled,PLANT02,PG002,Omicron IT Services,India,Logistics,NET60,3.5,Yes,100000,2021-03-07,,,,,,,,,,,,,,,,,,,,,,,,0,0,2024,1,Jan,Strategic (>200K)
PO00083,V0004,Laptop,HR,451,3506.34,1581359.34,USD,2024-03-24,2024-04-10,Approved,PLANT01,PG003,Delta Manufacturing,France,IT Services,NET15,3.1,Yes,50000,2022-04-04,GR00046,2024-04-19,416.0,451.0,Passed,Posted,INV00046,2024-04-29,1458637.44,262554.74,1721192.18,Approved,2024-06-03,PAY00025,2024-05-29,1721192.18,0.0,Bank Transfer,Completed,9.0,-5.0,66.0,92.24,1,0,2024,3,Mar,Strategic (>200K)
PO00084,V0004,Consulting Hours,Operations,48,1162.27,55788.96,USD,2024-02-22,2024-03-09,Pending,PLANT03,PG003,Delta Manufacturing,France,IT Services,NET15,3.1,Yes,50000,2022-04-04,,,,,,,,,,,,,,,,,,,,,,,,0,0,2024,2,Feb,Large (50K–200K)
PO00085,V0016,Software License,HR,140,2106.68,294935.2,USD,2024-12-23,2025-01-28,Cancelled,PLANT02,PG002,Pi Hardware Ltd,Japan,Manufacturing,NET45,4.1,No,500000,2018-10-20,,,,,,,,,,,,,,,,,,,,,,,,0,0,2024,12,Dec,Strategic (>200K)
PO00086,V0005,Steel Rod,Procurement,472,3016.92,1423986.24,USD,2023-07-15,2023-08-17,Approved,PLANT03,PG001,Epsilon Electronics,Germany,Logistics,NET15,3.4,Yes,100000,2022-04-13,GR00047,2023-09-02,447.0,472.0,Passed,Posted,INV00047,2023-09-06,1348563.24,242741.38,1591304.62,Approved,2023-10-13,PAY00026,2023-10-17,1591304.62,0.0,Bank Transfer,Completed,16.0,4.0,94.0,94.7,1,1,2023,7,Jul,Strategic (>200K)
PO00087,V0019,Conveyor Belt,Logistics,372,1527.85,568360.2,USD,2023-10-17,2023-11-02,Pending,PLANT04,PG002,Tau Energy Systems,USA,Hardware,NET30,4.7,Yes,100000,2022-06-11,,,,,,,,,,,,,,,,,,,,,,,,0,0,2023,10,Oct,Strategic (>200K)
PO00088,V0013,Consulting Hours,Manufacturing,283,3826.22,1082820.26,USD,2023-12-07,2023-12-26,Approved,PLANT04,PG001,Nu Paper Mills,Germany,Office Supplies,2/10NET30,4.3,Yes,500000,2020-02-17,GR00048,2023-12-24,227.0,283.0,Passed,Posted,INV00048,2024-01-01,868551.94,156339.35,1024891.29,Approved,2024-02-29,PAY00027,2024-03-07,1024891.29,0.0,ACH,Completed,-2.0,7.0,91.0,80.21,0,1,2023,12,Dec,Strategic (>200K)
PO00089,V0016,Industrial Fan,Admin,23,1624.97,37374.31,USD,2024-02-25,2024-03-12,Pending,PLANT01,PG001,Pi Hardware Ltd,Japan,Manufacturing,NET45,4.1,No,500000,2018-10-20,,,,,,,,,,,,,,,,,,,,,,,,0,0,2024,2,Feb,Medium (5K–50K)
PO00090,V0004,Consulting Hours,Operations,495,2971.39,1470838.05,USD,2024-05-29,2024-07-08,Pending,PLANT01,PG003,Delta Manufacturing,France,IT Services,NET15,3.1,Yes,50000,2022-04-04,,,,,,,,,,,,,,,,,,,,,,,,0,0,2024,5,May,Strategic (>200K)
PO00091,V0005,Steel Rod,Logistics,210,4361.12,915835.2,USD,2023-05-28,2023-06-20,Approved,PLANT04,PG003,Epsilon Electronics,Germany,Logistics,NET15,3.4,Yes,100000,2022-04-13,GR00049,2023-06-20,188.0,210.0,Partial,Posted,INV00049,2023-06-24,819890.56,147580.3,967470.86,Approved,2023-08-04,PAY00028,2023-08-17,967470.86,0.0,ACH,Completed,0.0,13.0,81.0,89.52,0,1,2023,5,May,Strategic (>200K)
PO00092,V0018,Industrial Fan,Manufacturing,437,1676.4,732586.8,USD,2023-03-24,2023-05-01,Cancelled,PLANT01,PG003,Sigma Plastics Co,Australia,Packaging,NET15,3.4,Yes,1000000,2020-10-07,,,,,,,,,,,,,,,,,,,,,,,,0,0,2023,3,Mar,Strategic (>200K)
PO00093,V0010,Chemical Solvent,Operations,121,3174.25,384084.25,USD,2023-03-12,2023-04-15,Approved,PLANT01,PG002,Kappa Office Supplies,UK,Consulting,NET60,5.0,Yes,50000,2020-02-18,GR00050,2023-04-26,115.0,121.0,Passed,Posted,INV00050,2023-05-05,365038.75,65706.97,430745.72,Pending,2023-06-24,,,,,,,11.0,,,95.04,1,0,2023,3,Mar,Strategic (>200K)
PO00094,V0001,Office Chair,Manufacturing,356,1532.36,545520.16,USD,2023-06-20,2023-06-30,Approved,PLANT03,PG002,Alpha Tech Supplies,USA,Electronics,NET30,4.4,Yes,100000,2018-10-13,GR00051,2023-06-30,311.0,356.0,Passed,Posted,INV00051,2023-07-01,476563.96,85781.51,562345.47,Approved,2023-08-11,PAY00029,2023-08-24,562345.47,0.0,Cheque,Completed,0.0,13.0,65.0,87.36,0,1,2023,6,Jun,Strategic (>200K)
PO00095,V0014,Conveyor Belt,Finance,75,1258.78,94408.5,USD,2024-03-17,2024-04-03,Approved,PLANT01,PG003,Xi Furniture Works,China,IT Services,2/10NET30,3.0,Yes,50000,2019-04-15,GR00052,2024-04-21,73.0,75.0,Passed,Posted,INV00052,2024-05-01,91890.94,16540.37,108431.31,Pending,2024-06-05,,,,,,,18.0,,,97.33,1,0,2024,3,Mar,Large (50K–200K)
PO00096,V0016,Conveyor Belt,Finance,318,3431.52,1091223.36,USD,2024-01-27,2024-02-17,Pending,PLANT03,PG002,Pi Hardware Ltd,Japan,Manufacturing,NET45,4.1,No,500000,2018-10-20,,,,,,,,,,,,,,,,,,,,,,,,0,0,2024,1,Jan,Strategic (>200K)
PO00097,V0015,Electric Motor,Finance,342,96.52,33009.84,USD,2023-09-19,2023-09-30,Pending,PLANT03,PG003,Omicron IT Services,India,Logistics,NET60,3.5,Yes,100000,2021-03-07,,,,,,,,,,,,,,,,,,,,,,,,0,0,2023,9,Sep,Medium (5K–50K)
PO00098,V0009,Consulting Hours,Procurement,328,4812.04,1578349.12,USD,2023-11-03,2023-11-22,Pending,PLANT04,PG001,Iota Steel Works,Japan,Hardware,2/10NET30,3.0,Yes,50000,2021-09-16,,,,,,,,,,,,,,,,,,,,,,,,0,0,2023,11,Nov,Strategic (>200K)
PO00099,V0019,Electric Motor,Procurement,196,2881.02,564679.92,USD,2023-08-31,2023-09-08,Pending,PLANT03,PG001,Tau Energy Systems,USA,Hardware,NET30,4.7,Yes,100000,2022-06-11,,,,,,,,,,,,,,,,,,,,,,,,0,0,2023,8,Aug,Strategic (>200K)
PO00100,V0002,Fire Extinguisher,Logistics,443,3444.71,1526006.53,USD,2024-08-02,2024-08-27,Approved,PLANT03,PG001,BetaCore Industries,USA,Raw Materials,2/10NET30,2.7,No,50000,2018-03-03,GR00053,2024-09-16,392.0,443.0,Passed,Posted,INV00053,2024-09-26,1350326.32,243058.74,1593385.06,Disputed,2024-11-06,,,,,,,20.0,,,88.49,1,0,2024,8,Aug,Strategic (>200K)
PO00101,V0005,Printer,IT,98,3123.41,306094.18,USD,2024-10-13,2024-11-08,Pending,PLANT01,PG003,Epsilon Electronics,Germany,Logistics,NET15,3.4,Yes,100000,2022-04-13,,,,,,,,,,,,,,,,,,,,,,,,0,0,2024,10,Oct,Strategic (>200K)
PO00102,V0010,Safety Gloves,Admin,375,700.49,262683.75,USD,2024-01-09,2024-01-27,Approved,PLANT02,PG003,Kappa Office Supplies,UK,Consulting,NET60,5.0,Yes,50000,2020-02-18,GR00054,2024-01-30,353.0,375.0,Passed,Posted,INV00054,2024-02-02,247272.97,44509.13,291782.1,Approved,2024-03-26,PAY00030,2024-04-12,291782.1,0.0,Wire Transfer,Completed,3.0,17.0,94.0,94.13,1,1,2024,1,Jan,Strategic (>200K)
PO00103,V0009,Server Rack,Procurement,272,2533.88,689215.36,USD,2024-01-10,2024-02-16,Approved,PLANT03,PG001,Iota Steel Works,Japan,Hardware,2/10NET30,3.0,Yes,50000,2021-09-16,GR00055,2024-02-26,242.0,272.0,Passed,Posted,INV00055,2024-03-02,613198.96,110375.81,723574.77,Approved,2024-04-13,PAY00031,2024-05-13,723574.77,0.0,Wire Transfer,Completed,10.0,30.0,124.0,88.97,1,1,2024,1,Jan,Strategic (>200K)
PO00104,V0008,Industrial Fan,Manufacturing,494,422.73,208828.62,USD,2024-04-24,2024-05-06,Pending,PLANT01,PG002,Theta Packaging Co,USA,Packaging,NET15,2.7,Yes,1000000,2022-12-19,,,,,,,,,,,,,,,,,,,,,,,,0,0,2024,4,Apr,Strategic (>200K)
PO00105,V0009,Conveyor Belt,Admin,64,2301.19,147276.16,USD,2024-07-03,2024-08-02,Approved,PLANT02,PG002,Iota Steel Works,Japan,Hardware,2/10NET30,3.0,Yes,50000,2021-09-16,GR00056,2024-08-12,62.0,64.0,Passed,Posted,INV00056,2024-08-15,142673.78,25681.28,168355.06,Disputed,2024-10-08,,,,,,,10.0,,,96.88,1,0,2024,7,Jul,Large (50K–200K)
PO00106,V0018,Safety Gloves,HR,318,4426.96,1407773.28,USD,2023-01-26,2023-02-06,Pending,PLANT03,PG003,Sigma Plastics Co,Australia,Packaging,NET15,3.4,Yes,1000000,2020-10-07,,,,,,,,,,,,,,,,,,,,,,,,0,0,2023,1,Jan,Strategic (>200K)
PO00107,V0002,Electric Motor,Logistics,60,741.9,44514.0,USD,2024-02-23,2024-03-08,Approved,PLANT02,PG003,BetaCore Industries,USA,Raw Materials,2/10NET30,2.7,No,50000,2018-03-03,GR00057,2024-03-08,51.0,60.0,Partial,Posted,INV00057,2024-03-12,37836.9,6810.64,44647.54,Approved,2024-05-02,PAY00032,2024-04-30,44647.54,0.0,Wire Transfer,Completed,0.0,-2.0,67.0,85.0,0,0,2024,2,Feb,Medium (5K–50K)
PO00108,V0018,Packaging Box,Finance,199,2295.54,456812.46,USD,2023-05-19,2023-06-21,Approved,PLANT04,PG003,Sigma Plastics Co,Australia,Packaging,NET15,3.4,Yes,1000000,2020-10-07,GR00058,2023-07-07,187.0,199.0,Partial,Posted,INV00058,2023-07-12,429265.98,77267.88,506533.86,Pending,2023-08-27,,,,,,,16.0,,,93.97,1,0,2023,5,May,Strategic (>200K)
PO00109,V0002,Network Switch,HR,481,4760.03,2289574.43,USD,2024-02-22,2024-03-28,Pending,PLANT02,PG002,BetaCore Industries,USA,Raw Materials,2/10NET30,2.7,No,50000,2018-03-03,,,,,,,,,,,,,,,,,,,,,,,,0,0,2024,2,Feb,Strategic (>200K)
PO00110,V0012,Office Chair,Admin,352,1868.31,657645.12,USD,2023-04-12,2023-05-06,Approved,PLANT01,PG002,Mu Chemical Corp,Japan,Raw Materials,NET45,4.2,Yes,1000000,2021-07-24,GR00059,2023-05-01,284.0,352.0,Passed,Posted,INV00059,2023-05-02,530600.04,95508.01,626108.05,Pending,2023-06-30,,,,,,,-5.0,,,80.68,0,0,2023,4,Apr,Strategic (>200K)
PO00111,V0020,Laptop,IT,340,1099.92,373972.8,USD,2023-04-04,2023-05-02,Approved,PLANT02,PG003,Upsilon AutoParts,UAE,Consulting,2/10NET30,2.7,No,1000000,2020-08-16,GR00060,2023-04-28,304.0,340.0,Passed,Posted,INV00060,2023-05-01,334375.68,60187.62,394563.3,Disputed,2023-06-25,,,,,,,-4.0,,,89.41,0,0,2023,4,Apr,Strategic (>200K)
PO00112,V0018,A4 Paper Ream,HR,36,4157.6,149673.6,USD,2023-07-30,2023-08-20,Approved,PLANT02,PG003,Sigma Plastics Co,Australia,Packaging,NET15,3.4,Yes,1000000,2020-10-07,GR00061,2023-08-20,35.0,36.0,Partial,Posted,INV00061,2023-08-24,145516.0,26192.88,171708.88,Approved,2023-10-12,PAY00033,2023-10-27,171708.88,0.0,Bank Transfer,Completed,0.0,15.0,89.0,97.22,0,1,2023,7,Jul,Large (50K–200K)
PO00113,V0005,Ethernet Cable,Procurement,142,4299.11,610473.62,USD,2023-01-03,2023-01-21,Approved,PLANT01,PG001,Epsilon Electronics,Germany,Logistics,NET15,3.4,Yes,100000,2022-04-13,GR00062,2023-02-10,139.0,142.0,Failed,Posted,INV00062,2023-02-15,597576.29,107563.73,705140.02,Pending,2023-04-14,,,,,,,20.0,,,97.89,1,0,2023,1,Jan,Strategic (>200K)
PO00114,V0008,Conveyor Belt,Manufacturing,184,3960.42,728717.28,USD,2023-01-16,2023-01-24,Approved,PLANT03,PG001,Theta Packaging Co,USA,Packaging,NET15,2.7,Yes,1000000,2022-12-19,GR00063,2023-01-26,159.0,184.0,Passed,Posted,INV00063,2023-02-01,629706.78,113347.22,743054.0,Pending,2023-03-11,,,,,,,2.0,,,86.41,1,0,2023,1,Jan,Strategic (>200K)
PO00115,V0004,Steel Rod,Logistics,380,2133.75,810825.0,USD,2023-05-10,2023-06-14,Approved,PLANT01,PG002,Delta Manufacturing,France,IT Services,NET15,3.1,Yes,50000,2022-04-04,GR00064,2023-06-17,366.0,380.0,Passed,Posted,INV00064,2023-06-25,780952.5,140571.45,921523.95,Approved,2023-08-15,PAY00034,2023-08-22,903093.47,18430.48,Wire Transfer,Completed,3.0,7.0,104.0,96.32,1,1,2023,5,May,Strategic (>200K)
PO00116,V0002,Diesel Generator,Procurement,114,4729.81,539198.34,USD,2024-05-30,2024-07-05,Approved,PLANT01,PG002,BetaCore Industries,USA,Raw Materials,2/10NET30,2.7,No,50000,2018-03-03,GR00065,2024-07-03,102.0,114.0,Passed,Posted,INV00065,2024-07-13,482440.62,86839.31,569279.93,Pending,2024-08-30,,,,,,,-2.0,,,89.47,0,0,2024,5,May,Strategic (>200K)
PO00117,V0016,Consulting Hours,Operations,219,3446.18,754713.42,USD,2024-02-16,2024-02-28,Approved,PLANT02,PG001,Pi Hardware Ltd,Japan,Manufacturing,NET45,4.1,No,500000,2018-10-20,GR00066,2024-03-01,210.0,219.0,Failed,Posted,INV00066,2024-03-02,723697.8,130265.6,853963.4,Disputed,2024-04-22,,,,,,,2.0,,,95.89,1,0,2024,2,Feb,Strategic (>200K)
PO00118,V0019,Aluminium Sheet,Manufacturing,141,3140.37,442792.17,USD,2023-05-10,2023-06-10,Cancelled,PLANT03,PG002,Tau Energy Systems,USA,Hardware,NET30,4.7,Yes,100000,2022-06-11,,,,,,,,,,,,,,,,,,,,,,,,0,0,2023,5,May,Strategic (>200K)
PO00119,V0004,Aluminium Sheet,HR,310,2179.49,675641.9,USD,2024-06-01,2024-07-05,Pending,PLANT02,PG002,Delta Manufacturing,France,IT Services,NET15,3.1,Yes,50000,2022-04-04,,,,,,,,,,,,,,,,,,,,,,,,0,0,2024,6,Jun,Strategic (>200K)
PO00120,V0014,Printer,Manufacturing,424,2294.82,973003.68,USD,2023-12-14,2024-01-17,Approved,PLANT03,PG002,Xi Furniture Works,China,IT Services,2/10NET30,3.0,Yes,50000,2019-04-15,GR00067,2024-01-14,413.0,424.0,Passed,Posted,INV00067,2024-01-23,947760.66,170596.92,1118357.58,Disputed,2024-03-12,,,,,,,-3.0,,,97.41,0,0,2023,12,Dec,Strategic (>200K)
PO00121,V0003,Steel Rod,Operations,352,4618.78,1625810.56,USD,2023-06-06,2023-06-18,Pending,PLANT01,PG003,Gamma Solutions Ltd,USA,Office Supplies,NET45,3.1,Yes,1000000,2019-02-12,,,,,,,,,,,,,,,,,,,,,,,,0,0,2023,6,Jun,Strategic (>200K)
PO00122,V0002,Conveyor Belt,Manufacturing,416,694.07,288733.12,USD,2024-01-17,2024-01-31,Pending,PLANT03,PG003,BetaCore Industries,USA,Raw Materials,2/10NET30,2.7,No,50000,2018-03-03,,,,,,,,,,,,,,,,,,,,,,,,0,0,2024,1,Jan,Strategic (>200K)
PO00123,V0002,Electric Motor,Procurement,445,4583.43,2039626.35,USD,2024-03-09,2024-04-07,Approved,PLANT02,PG001,BetaCore Industries,USA,Raw Materials,2/10NET30,2.7,No,50000,2018-03-03,GR00068,2024-04-12,363.0,445.0,Passed,Posted,INV00068,2024-04-17,1663785.09,299481.32,1963266.41,Approved,2024-06-01,PAY00035,2024-06-19,1963266.41,0.0,Cheque,Completed,5.0,18.0,102.0,81.57,1,1,2024,3,Mar,Strategic (>200K)
PO00124,V0004,Network Switch,Manufacturing,247,1160.01,286522.47,USD,2024-11-03,2024-11-17,Approved,PLANT02,PG002,Delta Manufacturing,France,IT Services,NET15,3.1,Yes,50000,2022-04-04,GR00069,2024-11-23,207.0,247.0,Passed,Posted,INV00069,2024-11-29,240122.07,43221.97,283344.04,Approved,2025-01-18,PAY00036,2024-12-31,283344.04,0.0,Wire Transfer,Completed,6.0,-18.0,58.0,83.81,1,0,2024,11,Nov,Strategic (>200K)
PO00125,V0020,Fire Extinguisher,IT,499,3848.79,1920546.21,USD,2024-07-28,2024-09-11,Approved,PLANT01,PG001,Upsilon AutoParts,UAE,Consulting,2/10NET30,2.7,No,1000000,2020-08-16,GR00070,2024-09-29,461.0,499.0,Passed,Posted,INV00070,2024-10-04,1774292.19,319372.59,2093664.78,Approved,2024-11-23,PAY00037,2024-11-29,2093664.78,0.0,Cheque,Completed,18.0,6.0,124.0,92.38,1,1,2024,7,Jul,Strategic (>200K)
PO00126,V0011,Network Switch,IT,360,3823.93,1376614.8,USD,2023-10-07,2023-10-25,Approved,PLANT04,PG001,Lambda Logistics,China,Electronics,NET15,4.1,Yes,100000,2020-01-29,GR00071,2023-11-07,357.0,360.0,Partial,Posted,INV00071,2023-11-11,1365143.01,245725.74,1610868.75,Approved,2023-12-27,PAY00038,2024-01-15,1610868.75,0.0,Bank Transfer,Completed,13.0,19.0,100.0,99.17,1,1,2023,10,Oct,Strategic (>200K)
PO00127,V0001,Steel Rod,HR,380,3184.2,1209996.0,USD,2023-05-26,2023-06-26,Pending,PLANT04,PG002,Alpha Tech Supplies,USA,Electronics,NET30,4.4,Yes,100000,2018-10-13,,,,,,,,,,,,,,,,,,,,,,,,0,0,2023,5,May,Strategic (>200K)
PO00128,V0011,Conveyor Belt,Operations,190,1592.6,302594.0,USD,2023-06-11,2023-06-21,Approved,PLANT02,PG003,Lambda Logistics,China,Electronics,NET15,4.1,Yes,100000,2020-01-29,GR00072,2023-07-10,182.0,190.0,Passed,Posted,INV00072,2023-07-11,289853.2,52173.58,342026.78,Disputed,2023-08-22,,,,,,,19.0,,,95.79,1,0,2023,6,Jun,Strategic (>200K)
PO00129,V0015,Packaging Box,Logistics,346,453.83,157025.18,USD,2023-02-20,2023-04-06,Pending,PLANT04,PG002,Omicron IT Services,India,Logistics,NET60,3.5,Yes,100000,2021-03-07,,,,,,,,,,,,,,,,,,,,,,,,0,0,2023,2,Feb,Large (50K–200K)
PO00130,V0012,Packaging Box,Operations,387,2586.11,1000824.57,USD,2023-08-09,2023-09-03,Cancelled,PLANT04,PG003,Mu Chemical Corp,Japan,Raw Materials,NET45,4.2,Yes,1000000,2021-07-24,,,,,,,,,,,,,,,,,,,,,,,,0,0,2023,8,Aug,Strategic (>200K)
PO00131,V0013,Fire Extinguisher,IT,158,274.82,43421.56,USD,2024-11-14,2024-11-21,Approved,PLANT03,PG001,Nu Paper Mills,Germany,Office Supplies,2/10NET30,4.3,Yes,500000,2020-02-17,GR00073,2024-11-29,127.0,158.0,Passed,Posted,INV00073,2024-12-02,34902.14,6282.39,41184.53,Approved,2025-01-21,PAY00039,2024-12-31,41184.53,0.0,ACH,Completed,8.0,-21.0,47.0,80.38,1,0,2024,11,Nov,Medium (5K–50K)
PO00132,V0011,Printer,IT,392,1314.82,515409.44,USD,2023-05-21,2023-06-28,Pending,PLANT02,PG001,Lambda Logistics,China,Electronics,NET15,4.1,Yes,100000,2020-01-29,,,,,,,,,,,,,,,,,,,,,,,,0,0,2023,5,May,Strategic (>200K)
PO00133,V0017,Aluminium Sheet,Manufacturing,273,3533.17,964555.41,USD,2024-01-25,2024-02-05,Pending,PLANT01,PG002,Rho Consulting Group,China,Chemicals,NET45,3.1,Yes,1000000,2020-05-27,,,,,,,,,,,,,,,,,,,,,,,,0,0,2024,1,Jan,Strategic (>200K)
PO00134,V0011,Conveyor Belt,Admin,236,4609.75,1087901.0,USD,2023-01-20,2023-03-04,Pending,PLANT04,PG002,Lambda Logistics,China,Electronics,NET15,4.1,Yes,100000,2020-01-29,,,,,,,,,,,,,,,,,,,,,,,,0,0,2023,1,Jan,Strategic (>200K)
PO00135,V0011,Server Rack,Logistics,208,153.24,31873.92,USD,2023-04-28,2023-05-28,Approved,PLANT04,PG001,Lambda Logistics,China,Electronics,NET15,4.1,Yes,100000,2020-01-29,GR00074,2023-06-12,201.0,208.0,Passed,Posted,INV00074,2023-06-17,30801.24,5544.22,36345.46,Approved,2023-08-15,PAY00040,2023-08-26,36345.46,0.0,Bank Transfer,Completed,15.0,11.0,120.0,96.63,1,1,2023,4,Apr,Medium (5K–50K)
PO00136,V0017,Steel Rod,Admin,224,2964.91,664139.84,USD,2023-09-07,2023-10-03,Approved,PLANT02,PG002,Rho Consulting Group,China,Chemicals,NET45,3.1,Yes,1000000,2020-05-27,GR00075,2023-09-28,213.0,224.0,Passed,Posted,INV00075,2023-10-05,631525.83,113674.65,745200.48,Pending,2023-11-27,,,,,,,-5.0,,,95.09,0,0,2023,9,Sep,Strategic (>200K)
PO00137,V0004,Diesel Generator,HR,40,2576.89,103075.6,USD,2023-06-22,2023-07-21,Approved,PLANT02,PG001,Delta Manufacturing,France,IT Services,NET15,3.1,Yes,50000,2022-04-04,GR00076,2023-07-19,33.0,40.0,Failed,Posted,INV00076,2023-07-29,85037.37,15306.73,100344.1,Disputed,2023-09-23,,,,,,,-2.0,,,82.5,0,0,2023,6,Jun,Large (50K–200K)
PO00138,V0006,Fire Extinguisher,Finance,75,1317.04,98778.0,USD,2023-04-16,2023-04-27,Approved,PLANT04,PG002,Zeta Raw Materials,Japan,Manufacturing,NET30,2.7,Yes,200000,2022-10-02,GR00077,2023-05-07,74.0,75.0,Passed,Posted,INV00077,2023-05-13,97460.96,17542.97,115003.93,Approved,2023-07-03,PAY00041,2023-07-07,112703.85,2300.08,Bank Transfer,Completed,10.0,4.0,82.0,98.67,1,1,2023,4,Apr,Large (50K–200K)
PO00139,V0019,Fire Extinguisher,Manufacturing,390,2918.37,1138164.3,USD,2024-07-31,2024-08-27,Approved,PLANT04,PG001,Tau Energy Systems,USA,Hardware,NET30,4.7,Yes,100000,2022-06-11,GR00078,2024-08-24,315.0,390.0,Partial,Posted,INV00078,2024-09-01,919286.55,165471.58,1084758.13,Approved,2024-10-17,PAY00042,2024-10-15,1084758.13,0.0,ACH,Completed,-3.0,-2.0,76.0,80.77,0,0,2024,7,Jul,Strategic (>200K)
PO00140,V0009,Conveyor Belt,IT,227,3175.36,720806.72,USD,2024-04-25,2024-05-24,Cancelled,PLANT01,PG002,Iota Steel Works,Japan,Hardware,2/10NET30,3.0,Yes,50000,2021-09-16,,,,,,,,,,,,,,,,,,,,,,,,0,0,2024,4,Apr,Strategic (>200K)
PO00141,V0012,Electric Motor,Operations,232,236.16,54789.12,USD,2024-04-17,2024-04-29,Cancelled,PLANT04,PG002,Mu Chemical Corp,Japan,Raw Materials,NET45,4.2,Yes,1000000,2021-07-24,,,,,,,,,,,,,,,,,,,,,,,,0,0,2024,4,Apr,Large (50K–200K)
PO00142,V0002,Consulting Hours,HR,284,4773.45,1355659.8,USD,2024-08-17,2024-09-13,Cancelled,PLANT04,PG003,BetaCore Industries,USA,Raw Materials,2/10NET30,2.7,No,50000,2018-03-03,,,,,,,,,,,,,,,,,,,,,,,,0,0,2024,8,Aug,Strategic (>200K)
PO00143,V0004,Safety Gloves,Operations,491,356.27,174928.57,USD,2023-06-04,2023-07-13,Approved,PLANT01,PG001,Delta Manufacturing,France,IT Services,NET15,3.1,Yes,50000,2022-04-04,GR00079,2023-07-21,461.0,491.0,Failed,Posted,INV00079,2023-07-24,164240.47,29563.28,193803.75,Disputed,2023-08-28,,,,,,,8.0,,,93.89,1,0,2023,6,Jun,Large (50K–200K)
PO00144,V0017,Diesel Generator,Finance,225,4955.38,1114960.5,USD,2024-12-25,2025-01-24,Approved,PLANT03,PG002,Rho Consulting Group,China,Chemicals,NET45,3.1,Yes,1000000,2020-05-27,GR00080,2024-12-31,183.0,225.0,Partial,Posted,INV00080,2024-12-31,906834.54,163230.22,1070064.76,Pending,2025-02-03,,,,,,,-24.0,,,81.33,0,0,2024,12,Dec,Strategic (>200K)
PO00145,V0020,Office Chair,Manufacturing,397,1724.92,684793.24,USD,2024-02-23,2024-03-05,Approved,PLANT01,PG003,Upsilon AutoParts,UAE,Consulting,2/10NET30,2.7,No,1000000,2020-08-16,GR00081,2024-03-04,368.0,397.0,Passed,Posted,INV00081,2024-03-13,634770.56,114258.7,749029.26,Approved,2024-05-12,PAY00043,2024-05-11,749029.26,0.0,ACH,Completed,-1.0,-1.0,78.0,92.7,0,0,2024,2,Feb,Strategic (>200K)
PO00146,V0020,Ethernet Cable,Manufacturing,198,1456.53,288392.94,USD,2024-11-25,2024-12-07,Cancelled,PLANT02,PG002,Upsilon AutoParts,UAE,Consulting,2/10NET30,2.7,No,1000000,2020-08-16,,,,,,,,,,,,,,,,,,,,,,,,0,0,2024,11,Nov,Strategic (>200K)
PO00147,V0013,Ethernet Cable,Operations,496,3297.47,1635545.12,USD,2023-11-14,2023-12-10,Cancelled,PLANT04,PG003,Nu Paper Mills,Germany,Office Supplies,2/10NET30,4.3,Yes,500000,2020-02-17,,,,,,,,,,,,,,,,,,,,,,,,0,0,2023,11,Nov,Strategic (>200K)
PO00148,V0017,Steel Rod,Admin,417,682.58,284635.86,USD,2023-12-03,2024-01-11,Approved,PLANT01,PG002,Rho Consulting Group,China,Chemicals,NET45,3.1,Yes,1000000,2020-05-27,GR00082,2024-01-24,380.0,417.0,Passed,Posted,INV00082,2024-01-26,259380.4,46688.47,306068.87,Approved,2024-03-07,PAY00044,2024-03-13,306068.87,0.0,Bank Transfer,Completed,13.0,6.0,101.0,91.13,1,1,2023,12,Dec,Strategic (>200K)
PO00149,V0011,Software License,HR,93,4758.29,442520.97,USD,2023-11-13,2023-12-04,Approved,PLANT02,PG001,Lambda Logistics,China,Electronics,NET15,4.1,Yes,100000,2020-01-29,GR00083,2023-12-06,79.0,93.0,Failed,Posted,INV00083,2023-12-11,375904.91,67662.88,443567.79,Pending,2024-02-04,,,,,,,2.0,,,84.95,1,0,2023,11,Nov,Strategic (>200K)
PO00150,V0017,Aluminium Sheet,IT,433,3951.19,1710865.27,USD,2023-10-30,2023-11-27,Cancelled,PLANT02,PG003,Rho Consulting Group,China,Chemicals,NET45,3.1,Yes,1000000,2020-05-27,,,,,,,,,,,,,,,,,,,,,,,,0,0,2023,10,Oct,Strategic (>200K)
PO00151,V0020,Server Rack,Logistics,79,853.12,67396.48,USD,2024-01-21,2024-01-30,Pending,PLANT03,PG003,Upsilon AutoParts,UAE,Consulting,2/10NET30,2.7,No,1000000,2020-08-16,,,,,,,,,,,,,,,,,,,,,,,,0,0,2024,1,Jan,Large (50K–200K)
PO00152,V0010,Consulting Hours,HR,497,2248.78,1117643.66,USD,2023-09-01,2023-10-12,Approved,PLANT03,PG002,Kappa Office Supplies,UK,Consulting,NET60,5.0,Yes,50000,2020-02-18,GR00084,2023-10-29,480.0,497.0,Passed,Posted,INV00084,2023-11-04,1079414.4,194294.59,1273708.99,Approved,2023-12-22,PAY00045,2024-01-12,1273708.99,0.0,Wire Transfer,Completed,17.0,21.0,133.0,96.58,1,1,2023,9,Sep,Strategic (>200K)
PO00153,V0019,Consulting Hours,Logistics,189,3407.62,644040.18,USD,2023-07-18,2023-08-12,Pending,PLANT04,PG001,Tau Energy Systems,USA,Hardware,NET30,4.7,Yes,100000,2022-06-11,,,,,,,,,,,,,,,,,,,,,,,,0,0,2023,7,Jul,Strategic (>200K)
PO00154,V0009,Office Chair,Logistics,411,3043.08,1250705.88,USD,2023-07-24,2023-08-23,Cancelled,PLANT01,PG003,Iota Steel Works,Japan,Hardware,2/10NET30,3.0,Yes,50000,2021-09-16,,,,,,,,,,,,,,,,,,,,,,,,0,0,2023,7,Jul,Strategic (>200K)
PO00155,V0003,Server Rack,Procurement,436,667.15,290877.4,USD,2024-06-12,2024-07-17,Cancelled,PLANT02,PG002,Gamma Solutions Ltd,USA,Office Supplies,NET45,3.1,Yes,1000000,2019-02-12,,,,,,,,,,,,,,,,,,,,,,,,0,0,2024,6,Jun,Strategic (>200K)
PO00156,V0015,Network Switch,IT,485,4557.0,2210145.0,USD,2023-04-04,2023-05-07,Approved,PLANT04,PG003,Omicron IT Services,India,Logistics,NET60,3.5,Yes,100000,2021-03-07,GR00085,2023-05-16,414.0,485.0,Passed,Posted,INV00085,2023-05-24,1886598.0,339587.64,2226185.64,Approved,2023-07-08,PAY00046,2023-07-17,2226185.64,0.0,Cheque,Completed,9.0,9.0,104.0,85.36,1,1,2023,4,Apr,Strategic (>200K)
PO00157,V0003,Network Switch,HR,121,1961.52,237343.92,USD,2024-01-18,2024-01-26,Approved,PLANT01,PG003,Gamma Solutions Ltd,USA,Office Supplies,NET45,3.1,Yes,1000000,2019-02-12,GR00086,2024-01-25,115.0,121.0,Passed,Posted,INV00086,2024-02-04,225574.8,40603.46,266178.26,Disputed,2024-04-04,,,,,,,-1.0,,,95.04,0,0,2024,1,Jan,Strategic (>200K)
PO00158,V0005,Office Chair,Procurement,172,3967.33,682380.76,USD,2024-10-27,2024-12-03,Approved,PLANT04,PG002,Epsilon Electronics,Germany,Logistics,NET15,3.4,Yes,100000,2022-04-13,GR00087,2024-12-02,141.0,172.0,Failed,Posted,INV00087,2024-12-04,559393.53,100690.84,660084.37,Pending,2025-01-31,,,,,,,-1.0,,,81.98,0,0,2024,10,Oct,Strategic (>200K)
PO00159,V0001,Plastic Mold,HR,3,4533.99,13601.97,USD,2024-09-22,2024-10-08,Cancelled,PLANT04,PG001,Alpha Tech Supplies,USA,Electronics,NET30,4.4,Yes,100000,2018-10-13,,,,,,,,,,,,,,,,,,,,,,,,0,0,2024,9,Sep,Medium (5K–50K)
PO00160,V0002,Chemical Solvent,Admin,122,1540.7,187965.4,USD,2023-10-23,2023-11-28,Approved,PLANT01,PG002,BetaCore Industries,USA,Raw Materials,2/10NET30,2.7,No,50000,2018-03-03,GR00088,2023-12-03,107.0,122.0,Passed,Posted,INV00088,2023-12-12,164854.9,29673.88,194528.78,Approved,2024-02-07,PAY00047,2024-02-23,194528.78,0.0,ACH,Completed,5.0,16.0,123.0,87.7,1,1,2023,10,Oct,Large (50K–200K)
PO00161,V0017,Conveyor Belt,HR,275,131.35,36121.25,USD,2024-09-03,2024-09-19,Approved,PLANT04,PG001,Rho Consulting Group,China,Chemicals,NET45,3.1,Yes,1000000,2020-05-27,GR00089,2024-10-08,231.0,275.0,Failed,Posted,INV00089,2024-10-17,30341.85,5461.53,35803.38,Approved,2024-11-29,PAY00048,2024-12-27,35803.38,0.0,Wire Transfer,Completed,19.0,28.0,115.0,84.0,1,1,2024,9,Sep,Medium (5K–50K)
PO00162,V0014,Server Rack,Operations,181,1240.79,224582.99,USD,2024-09-21,2024-10-31,Approved,PLANT01,PG003,Xi Furniture Works,China,IT Services,2/10NET30,3.0,Yes,50000,2019-04-15,GR00090,2024-11-03,175.0,181.0,Passed,Posted,INV00090,2024-11-06,217138.25,39084.89,256223.14,Approved,2024-12-12,PAY00049,2024-12-14,256223.14,0.0,ACH,Completed,3.0,2.0,84.0,96.69,1,1,2024,9,Sep,Strategic (>200K)
PO00163,V0017,Aluminium Sheet,IT,260,3942.74,1025112.4,USD,2024-07-11,2024-08-11,Pending,PLANT01,PG003,Rho Consulting Group,China,Chemicals,NET45,3.1,Yes,1000000,2020-05-27,,,,,,,,,,,,,,,,,,,,,,,,0,0,2024,7,Jul,Strategic (>200K)
PO00164,V0001,Network Switch,Operations,192,1305.57,250669.44,USD,2024-02-01,2024-03-01,Approved,PLANT01,PG003,Alpha Tech Supplies,USA,Electronics,NET30,4.4,Yes,100000,2018-10-13,GR00091,2024-03-21,179.0,192.0,Partial,Posted,INV00091,2024-03-28,233697.03,42065.47,275762.5,Disputed,2024-05-25,,,,,,,20.0,,,93.23,1,0,2024,2,Feb,Strategic (>200K)
PO00165,V0018,Safety Gloves,Finance,69,269.46,18592.74,USD,2023-12-07,2024-01-12,Pending,PLANT02,PG001,Sigma Plastics Co,Australia,Packaging,NET15,3.4,Yes,1000000,2020-10-07,,,,,,,,,,,,,,,,,,,,,,,,0,0,2023,12,Dec,Medium (5K–50K)
PO00166,V0015,Office Chair,Procurement,367,3892.14,1428415.38,USD,2023-03-06,2023-03-25,Approved,PLANT02,PG001,Omicron IT Services,India,Logistics,NET60,3.5,Yes,100000,2021-03-07,GR00092,2023-03-21,309.0,367.0,Passed,Posted,INV00092,2023-03-24,1202671.26,216480.83,1419152.09,Approved,2023-05-20,PAY00050,2023-05-30,1419152.09,0.0,Bank Transfer,Completed,-4.0,10.0,85.0,84.2,0,1,2023,3,Mar,Strategic (>200K)
PO00167,V0013,Aluminium Sheet,Logistics,478,1584.88,757572.64,USD,2023-11-20,2023-12-13,Approved,PLANT02,PG002,Nu Paper Mills,Germany,Office Supplies,2/10NET30,4.3,Yes,500000,2020-02-17,GR00093,2023-12-10,450.0,478.0,Failed,Posted,INV00093,2023-12-12,713196.0,128375.28,841571.28,Pending,2024-01-21,,,,,,,-3.0,,,94.14,0,0,2023,11,Nov,Strategic (>200K)
PO00168,V0011,Plastic Mold,Operations,442,3915.17,1730505.14,USD,2024-01-01,2024-01-31,Pending,PLANT04,PG003,Lambda Logistics,China,Electronics,NET15,4.1,Yes,100000,2020-01-29,,,,,,,,,,,,,,,,,,,,,,,,0,0,2024,1,Jan,Strategic (>200K)
PO00169,V0011,Server Rack,Logistics,459,4784.57,2196117.63,USD,2024-03-26,2024-05-03,Approved,PLANT03,PG001,Lambda Logistics,China,Electronics,NET15,4.1,Yes,100000,2020-01-29,GR00094,2024-05-14,371.0,459.0,Passed,Posted,INV00094,2024-05-20,1775075.47,319513.58,2094589.05,Approved,2024-06-19,PAY00051,2024-07-08,2094589.05,0.0,Bank Transfer,Completed,11.0,19.0,104.0,80.83,1,1,2024,3,Mar,Strategic (>200K)
PO00170,V0006,Aluminium Sheet,Procurement,41,2181.51,89441.91,USD,2024-03-10,2024-04-06,Approved,PLANT01,PG002,Zeta Raw Materials,Japan,Manufacturing,NET30,2.7,Yes,200000,2022-10-02,GR00095,2024-04-06,33.0,41.0,Failed,Posted,INV00095,2024-04-11,71989.83,12958.17,84948.0,Approved,2024-06-04,PAY00052,2024-07-03,84948.0,0.0,ACH,Completed,0.0,29.0,115.0,80.49,0,1,2024,3,Mar,Large (50K–200K)
PO00171,V0020,Packaging Box,Finance,152,1567.15,238206.8,USD,2024-11-07,2024-12-12,Approved,PLANT04,PG001,Upsilon AutoParts,UAE,Consulting,2/10NET30,2.7,No,1000000,2020-08-16,GR00096,2024-12-24,144.0,152.0,Passed,Posted,INV00096,2024-12-31,225669.6,40620.53,266290.13,Approved,2025-02-14,PAY00053,2024-12-31,266290.13,0.0,Wire Transfer,Completed,12.0,-45.0,54.0,94.74,1,0,2024,11,Nov,Strategic (>200K)
PO00172,V0009,Office Chair,Operations,315,4990.85,1572117.75,USD,2023-12-28,2024-01-29,Approved,PLANT02,PG001,Iota Steel Works,Japan,Hardware,2/10NET30,3.0,Yes,50000,2021-09-16,GR00097,2024-02-07,258.0,315.0,Passed,Posted,INV00097,2024-02-10,1287639.3,231775.07,1519414.37,Disputed,2024-03-24,,,,,,,9.0,,,81.9,1,0,2023,12,Dec,Strategic (>200K)
PO00173,V0015,Office Chair,Finance,435,3057.49,1330008.15,USD,2023-05-27,2023-06-07,Approved,PLANT03,PG002,Omicron IT Services,India,Logistics,NET60,3.5,Yes,100000,2021-03-07,GR00098,2023-06-02,353.0,435.0,Passed,Posted,INV00098,2023-06-09,1079293.97,194272.91,1273566.88,Pending,2023-08-08,,,,,,,-5.0,,,81.15,0,0,2023,5,May,Strategic (>200K)
PO00174,V0020,Ethernet Cable,Logistics,487,2857.86,1391777.82,USD,2024-01-28,2024-02-27,Approved,PLANT04,PG001,Upsilon AutoParts,UAE,Consulting,2/10NET30,2.7,No,1000000,2020-08-16,GR00099,2024-02-28,469.0,487.0,Passed,Posted,INV00099,2024-03-06,1340336.34,241260.54,1581596.88,Approved,2024-04-06,PAY00054,2024-04-19,1581596.88,0.0,Cheque,Completed,1.0,13.0,82.0,96.3,1,1,2024,1,Jan,Strategic (>200K)
PO00175,V0013,Safety Gloves,Procurement,71,2670.83,189628.93,USD,2024-08-10,2024-09-01,Approved,PLANT01,PG003,Nu Paper Mills,Germany,Office Supplies,2/10NET30,4.3,Yes,500000,2020-02-17,GR00100,2024-09-14,65.0,71.0,Passed,Posted,INV00100,2024-09-18,173603.95,31248.71,204852.66,Approved,2024-11-17,PAY00055,2024-11-18,204852.66,0.0,Cheque,Completed,13.0,1.0,100.0,91.55,1,1,2024,8,Aug,Large (50K–200K)
PO00176,V0018,Printer,Procurement,256,2612.84,668887.04,USD,2023-07-10,2023-08-02,Pending,PLANT02,PG003,Sigma Plastics Co,Australia,Packaging,NET15,3.4,Yes,1000000,2020-10-07,,,,,,,,,,,,,,,,,,,,,,,,0,0,2023,7,Jul,Strategic (>200K)
PO00177,V0016,A4 Paper Ream,Operations,356,4586.57,1632818.92,USD,2023-10-20,2023-11-04,Approved,PLANT04,PG001,Pi Hardware Ltd,Japan,Manufacturing,NET45,4.1,No,500000,2018-10-20,GR00101,2023-11-01,298.0,356.0,Failed,Posted,INV00101,2023-11-07,1366797.86,246023.61,1612821.47,Disputed,2023-12-13,,,,,,,-3.0,,,83.71,0,0,2023,10,Oct,Strategic (>200K)
PO00178,V0011,Network Switch,Operations,228,4986.45,1136910.6,USD,2024-12-31,2025-02-11,Cancelled,PLANT03,PG002,Lambda Logistics,China,Electronics,NET15,4.1,Yes,100000,2020-01-29,,,,,,,,,,,,,,,,,,,,,,,,0,0,2024,12,Dec,Strategic (>200K)
PO00179,V0006,Network Switch,HR,365,3562.34,1300254.1,USD,2023-06-11,2023-06-25,Approved,PLANT02,PG001,Zeta Raw Materials,Japan,Manufacturing,NET30,2.7,Yes,200000,2022-10-02,GR00102,2023-07-15,301.0,365.0,Passed,Posted,INV00102,2023-07-16,1072264.34,193007.58,1265271.92,Approved,2023-08-22,PAY00056,2023-08-21,1265271.92,0.0,Cheque,Completed,20.0,-1.0,71.0,82.47,1,0,2023,6,Jun,Strategic (>200K)
PO00180,V0019,Network Switch,Logistics,14,1836.44,25710.16,USD,2024-05-20,2024-07-01,Approved,PLANT01,PG001,Tau Energy Systems,USA,Hardware,NET30,4.7,Yes,100000,2022-06-11,GR00103,2024-06-27,13.0,14.0,Passed,Posted,INV00103,2024-07-02,23873.72,4297.27,28170.99,Approved,2024-08-04,PAY00057,2024-08-26,28170.99,0.0,Bank Transfer,Completed,-4.0,22.0,98.0,92.86,0,1,2024,5,May,Medium (5K–50K)
PO00181,V0016,Diesel Generator,Admin,204,4998.0,1019592.0,USD,2023-11-13,2023-12-16,Cancelled,PLANT01,PG001,Pi Hardware Ltd,Japan,Manufacturing,NET45,4.1,No,500000,2018-10-20,,,,,,,,,,,,,,,,,,,,,,,,0,0,2023,11,Nov,Strategic (>200K)
PO00182,V0015,Diesel Generator,Manufacturing,329,417.12,137232.48,USD,2023-11-21,2023-12-06,Cancelled,PLANT02,PG001,Omicron IT Services,India,Logistics,NET60,3.5,Yes,100000,2021-03-07,,,,,,,,,,,,,,,,,,,,,,,,0,0,2023,11,Nov,Large (50K–200K)
PO00183,V0002,Printer,Finance,258,4558.03,1175971.74,USD,2024-03-19,2024-04-14,Approved,PLANT02,PG002,BetaCore Industries,USA,Raw Materials,2/10NET30,2.7,No,50000,2018-03-03,GR00104,2024-04-27,228.0,258.0,Failed,Posted,INV00104,2024-05-06,1039230.84,187061.55,1226292.39,Disputed,2024-06-14,,,,,,,13.0,,,88.37,1,0,2024,3,Mar,Strategic (>200K)
PO00184,V0017,Electric Motor,Operations,116,1762.81,204485.96,USD,2024-12-27,2025-01-19,Approved,PLANT03,PG001,Rho Consulting Group,China,Chemicals,NET45,3.1,Yes,1000000,2020-05-27,GR00105,2024-12-31,93.0,116.0,Failed,Posted,INV00105,2024-12-31,163941.33,29509.44,193450.77,Approved,2025-02-08,PAY00058,2024-12-31,193450.77,0.0,Cheque,Completed,-19.0,-39.0,4.0,80.17,0,0,2024,12,Dec,Strategic (>200K)
PO00185,V0003,Diesel Generator,Finance,156,3091.42,482261.52,USD,2024-10-02,2024-11-15,Cancelled,PLANT02,PG001,Gamma Solutions Ltd,USA,Office Supplies,NET45,3.1,Yes,1000000,2019-02-12,,,,,,,,,,,,,,,,,,,,,,,,0,0,2024,10,Oct,Strategic (>200K)
PO00186,V0020,Safety Gloves,IT,320,3617.13,1157481.6,USD,2024-11-05,2024-11-13,Approved,PLANT01,PG003,Upsilon AutoParts,UAE,Consulting,2/10NET30,2.7,No,1000000,2020-08-16,GR00106,2024-11-13,278.0,320.0,Passed,Posted,INV00106,2024-11-21,1005562.14,181001.19,1186563.33,Disputed,2025-01-09,,,,,,,0.0,,,86.88,0,0,2024,11,Nov,Strategic (>200K)
PO00187,V0019,Packaging Box,IT,136,3273.09,445140.24,USD,2024-08-13,2024-09-20,Cancelled,PLANT03,PG003,Tau Energy Systems,USA,Hardware,NET30,4.7,Yes,100000,2022-06-11,,,,,,,,,,,,,,,,,,,,,,,,0,0,2024,8,Aug,Strategic (>200K)
PO00188,V0013,Electric Motor,Logistics,248,1262.15,313013.2,USD,2023-11-06,2023-11-17,Approved,PLANT02,PG002,Nu Paper Mills,Germany,Office Supplies,2/10NET30,4.3,Yes,500000,2020-02-17,GR00107,2023-11-20,220.0,248.0,Passed,Posted,INV00107,2023-11-26,277673.0,49981.14,327654.14,Pending,2024-01-23,,,,,,,3.0,,,88.71,1,0,2023,11,Nov,Strategic (>200K)
PO00189,V0011,Fire Extinguisher,Finance,248,2348.99,582549.52,USD,2024-03-01,2024-03-28,Approved,PLANT03,PG002,Lambda Logistics,China,Electronics,NET15,4.1,Yes,100000,2020-01-29,GR00108,2024-04-11,229.0,248.0,Passed,Posted,INV00108,2024-04-17,537918.71,96825.37,634744.08,Pending,2024-05-28,,,,,,,14.0,,,92.34,1,0,2024,3,Mar,Strategic (>200K)
PO00190,V0018,Printer,Manufacturing,390,1884.17,734826.3,USD,2023-05-14,2023-06-05,Pending,PLANT01,PG002,Sigma Plastics Co,Australia,Packaging,NET15,3.4,Yes,1000000,2020-10-07,,,,,,,,,,,,,,,,,,,,,,,,0,0,2023,5,May,Strategic (>200K)
PO00191,V0002,Electric Motor,Admin,127,747.34,94912.18,USD,2024-04-05,2024-05-08,Approved,PLANT02,PG002,BetaCore Industries,USA,Raw Materials,2/10NET30,2.7,No,50000,2018-03-03,GR00109,2024-05-18,112.0,127.0,Failed,Posted,INV00109,2024-05-21,83702.08,15066.37,98768.45,Pending,2024-06-20,,,,,,,10.0,,,88.19,1,0,2024,4,Apr,Large (50K–200K)
PO00192,V0006,Software License,Logistics,370,1597.94,591237.8,USD,2024-08-14,2024-09-21,Approved,PLANT04,PG001,Zeta Raw Materials,Japan,Manufacturing,NET30,2.7,Yes,200000,2022-10-02,GR00110,2024-09-17,302.0,370.0,Passed,Posted,INV00110,2024-09-21,482577.88,86864.02,569441.9,Approved,2024-10-27,PAY00059,2024-11-12,569441.9,0.0,Bank Transfer,Completed,-4.0,16.0,90.0,81.62,0,1,2024,8,Aug,Strategic (>200K)
PO00193,V0015,Chemical Solvent,HR,484,1996.55,966330.2,USD,2023-04-03,2023-05-17,Approved,PLANT01,PG001,Omicron IT Services,India,Logistics,NET60,3.5,Yes,100000,2021-03-07,GR00111,2023-05-25,406.0,484.0,Passed,Posted,INV00111,2023-06-04,810599.3,145907.87,956507.17,Disputed,2023-07-09,,,,,,,8.0,,,83.88,1,0,2023,4,Apr,Strategic (>200K)
PO00194,V0016,Electric Motor,IT,254,3007.72,763960.88,USD,2023-10-16,2023-10-29,Pending,PLANT02,PG002,Pi Hardware Ltd,Japan,Manufacturing,NET45,4.1,No,500000,2018-10-20,,,,,,,,,,,,,,,,,,,,,,,,0,0,2023,10,Oct,Strategic (>200K)
PO00195,V0002,Industrial Fan,IT,392,2046.11,802075.12,USD,2024-01-10,2024-02-22,Cancelled,PLANT02,PG002,BetaCore Industries,USA,Raw Materials,2/10NET30,2.7,No,50000,2018-03-03,,,,,,,,,,,,,,,,,,,,,,,,0,0,2024,1,Jan,Strategic (>200K)
PO00196,V0017,Consulting Hours,Procurement,148,413.98,61269.04,USD,2024-07-20,2024-08-03,Approved,PLANT01,PG002,Rho Consulting Group,China,Chemicals,NET45,3.1,Yes,1000000,2020-05-27,GR00112,2024-08-18,147.0,148.0,Passed,Posted,INV00112,2024-08-24,60855.06,10953.91,71808.97,Approved,2024-10-05,PAY00060,2024-10-03,71808.97,0.0,Cheque,Completed,15.0,-2.0,75.0,99.32,1,0,2024,7,Jul,Large (50K–200K)
PO00197,V0018,Network Switch,Finance,407,4934.6,2008382.2,USD,2024-01-18,2024-02-06,Cancelled,PLANT04,PG003,Sigma Plastics Co,Australia,Packaging,NET15,3.4,Yes,1000000,2020-10-07,,,,,,,,,,,,,,,,,,,,,,,,0,0,2024,1,Jan,Strategic (>200K)
PO00198,V0011,Software License,Logistics,24,242.62,5822.88,USD,2023-02-11,2023-02-27,Cancelled,PLANT02,PG002,Lambda Logistics,China,Electronics,NET15,4.1,Yes,100000,2020-01-29,,,,,,,,,,,,,,,,,,,,,,,,0,0,2023,2,Feb,Medium (5K–50K)
PO00199,V0020,Electric Motor,Manufacturing,164,854.39,140119.96,USD,2024-09-19,2024-10-28,Cancelled,PLANT04,PG003,Upsilon AutoParts,UAE,Consulting,2/10NET30,2.7,No,1000000,2020-08-16,,,,,,,,,,,,,,,,,,,,,,,,0,0,2024,9,Sep,Large (50K–200K)
PO00200,V0001,Network Switch,Manufacturing,154,2400.72,369710.88,USD,2024-07-30,2024-08-13,Pending,PLANT03,PG003,Alpha Tech Supplies,USA,Electronics,NET30,4.4,Yes,100000,2018-10-13,,,,,,,,,,,,,,,,,,,,,,,,0,0,2024,7,Jul,Strategic (>200K)
PO00201,V0016,Plastic Mold,HR,323,181.9,58753.7,USD,2024-12-05,2024-12-15,Cancelled,PLANT04,PG001,Pi Hardware Ltd,Japan,Manufacturing,NET45,4.1,No,500000,2018-10-20,,,,,,,,,,,,,,,,,,,,,,,,0,0,2024,12,Dec,Large (50K–200K)
PO00202,V0013,Ethernet Cable,HR,323,3619.86,1169214.78,USD,2024-06-20,2024-06-29,Cancelled,PLANT01,PG001,Nu Paper Mills,Germany,Office Supplies,2/10NET30,4.3,Yes,500000,2020-02-17,,,,,,,,,,,,,,,,,,,,,,,,0,0,2024,6,Jun,Strategic (>200K)
PO00203,V0005,Packaging Box,HR,226,1602.78,362228.28,USD,2023-01-20,2023-02-22,Cancelled,PLANT04,PG003,Epsilon Electronics,Germany,Logistics,NET15,3.4,Yes,100000,2022-04-13,,,,,,,,,,,,,,,,,,,,,,,,0,0,2023,1,Jan,Strategic (>200K)
PO00204,V0007,Aluminium Sheet,Manufacturing,362,733.51,265530.62,USD,2023-03-05,2023-04-11,Cancelled,PLANT04,PG002,Eta Global Traders,Japan,Chemicals,2/10NET30,3.2,Yes,500000,2021-01-03,,,,,,,,,,,,,,,,,,,,,,,,0,0,2023,3,Mar,Strategic (>200K)
PO00205,V0011,Aluminium Sheet,Manufacturing,236,4565.01,1077342.36,USD,2023-06-27,2023-07-20,Cancelled,PLANT04,PG001,Lambda Logistics,China,Electronics,NET15,4.1,Yes,100000,2020-01-29,,,,,,,,,,,,,,,,,,,,,,,,0,0,2023,6,Jun,Strategic (>200K)
PO00206,V0008,Electric Motor,Procurement,143,2812.53,402191.79,USD,2023-09-10,2023-09-30,Pending,PLANT03,PG002,Theta Packaging Co,USA,Packaging,NET15,2.7,Yes,1000000,2022-12-19,,,,,,,,,,,,,,,,,,,,,,,,0,0,2023,9,Sep,Strategic (>200K)
PO00207,V0009,Electric Motor,Operations,287,4671.82,1340812.34,USD,2023-12-24,2024-02-05,Cancelled,PLANT04,PG002,Iota Steel Works,Japan,Hardware,2/10NET30,3.0,Yes,50000,2021-09-16,,,,,,,,,,,,,,,,,,,,,,,,0,0,2023,12,Dec,Strategic (>200K)
PO00208,V0005,Electric Motor,IT,489,3876.67,1895691.63,USD,2023-12-20,2024-01-14,Approved,PLANT03,PG002,Epsilon Electronics,Germany,Logistics,NET15,3.4,Yes,100000,2022-04-13,GR00113,2024-01-21,467.0,489.0,Failed,Posted,INV00113,2024-01-30,1810404.89,325872.88,2136277.77,Disputed,2024-03-01,,,,,,,7.0,,,95.5,1,0,2023,12,Dec,Strategic (>200K)
PO00209,V0007,A4 Paper Ream,Procurement,132,3749.33,494911.56,USD,2024-11-02,2024-12-14,Approved,PLANT02,PG001,Eta Global Traders,Japan,Chemicals,2/10NET30,3.2,Yes,500000,2021-01-03,GR00114,2024-12-26,126.0,132.0,Partial,Posted,INV00114,2024-12-27,472415.58,85034.8,557450.38,Approved,2025-02-15,PAY00061,2024-12-31,557450.38,0.0,Bank Transfer,Completed,12.0,-46.0,59.0,95.45,1,0,2024,11,Nov,Strategic (>200K)
PO00210,V0008,Office Chair,HR,380,2954.81,1122827.8,USD,2024-09-22,2024-10-13,Approved,PLANT01,PG002,Theta Packaging Co,USA,Packaging,NET15,2.7,Yes,1000000,2022-12-19,GR00115,2024-10-24,328.0,380.0,Passed,Posted,INV00115,2024-10-25,969177.68,174451.98,1143629.66,Approved,2024-12-07,PAY00062,2024-12-18,1143629.66,0.0,Wire Transfer,Completed,11.0,11.0,87.0,86.32,1,1,2024,9,Sep,Strategic (>200K)
PO00211,V0005,Laptop,Finance,368,2388.4,878931.2,USD,2023-12-05,2024-01-07,Pending,PLANT04,PG003,Epsilon Electronics,Germany,Logistics,NET15,3.4,Yes,100000,2022-04-13,,,,,,,,,,,,,,,,,,,,,,,,0,0,2023,12,Dec,Strategic (>200K)
PO00212,V0011,Electric Motor,IT,388,4821.37,1870691.56,USD,2023-07-24,2023-08-05,Cancelled,PLANT02,PG003,Lambda Logistics,China,Electronics,NET15,4.1,Yes,100000,2020-01-29,,,,,,,,,,,,,,,,,,,,,,,,0,0,2023,7,Jul,Strategic (>200K)
PO00213,V0014,Server Rack,IT,468,4611.28,2158079.04,USD,2023-02-08,2023-03-12,Pending,PLANT02,PG003,Xi Furniture Works,China,IT Services,2/10NET30,3.0,Yes,50000,2019-04-15,,,,,,,,,,,,,,,,,,,,,,,,0,0,2023,2,Feb,Strategic (>200K)
PO00214,V0010,Conveyor Belt,Operations,449,235.46,105721.54,USD,2023-10-24,2023-11-21,Approved,PLANT04,PG003,Kappa Office Supplies,UK,Consulting,NET60,5.0,Yes,50000,2020-02-18,GR00116,2023-11-16,387.0,449.0,Passed,Posted,INV00116,2023-11-23,91123.02,16402.14,107525.16,Approved,2024-01-09,PAY00063,2024-01-29,107525.16,0.0,Wire Transfer,Completed,-5.0,20.0,97.0,86.19,0,1,2023,10,Oct,Large (50K–200K)
PO00215,V0005,Diesel Generator,Logistics,269,2494.87,671120.03,USD,2024-07-10,2024-08-03,Approved,PLANT01,PG002,Epsilon Electronics,Germany,Logistics,NET15,3.4,Yes,100000,2022-04-13,GR00117,2024-08-23,257.0,269.0,Failed,Posted,INV00117,2024-08-31,641181.59,115412.69,756594.28,Approved,2024-10-06,PAY00064,2024-10-25,756594.28,0.0,Bank Transfer,Completed,20.0,19.0,107.0,95.54,1,1,2024,7,Jul,Strategic (>200K)
PO00216,V0009,Server Rack,IT,375,2321.63,870611.25,USD,2023-06-16,2023-07-14,Approved,PLANT02,PG001,Iota Steel Works,Japan,Hardware,2/10NET30,3.0,Yes,50000,2021-09-16,GR00118,2023-07-25,326.0,375.0,Passed,Posted,INV00118,2023-07-30,756851.38,136233.25,893084.63,Pending,2023-09-19,,,,,,,11.0,,,86.93,1,0,2023,6,Jun,Strategic (>200K)
PO00217,V0013,Packaging Box,Manufacturing,439,3211.69,1409931.91,USD,2024-09-17,2024-09-29,Pending,PLANT01,PG001,Nu Paper Mills,Germany,Office Supplies,2/10NET30,4.3,Yes,500000,2020-02-17,,,,,,,,,,,,,,,,,,,,,,,,0,0,2024,9,Sep,Strategic (>200K)
PO00218,V0008,Laptop,Procurement,245,1651.83,404698.35,USD,2023-05-24,2023-06-24,Approved,PLANT04,PG002,Theta Packaging Co,USA,Packaging,NET15,2.7,Yes,1000000,2022-12-19,GR00119,2023-06-24,200.0,245.0,Passed,Posted,INV00119,2023-07-03,330366.0,59465.88,389831.88,Approved,2023-08-21,PAY00065,2023-08-20,382035.24,7796.64,Bank Transfer,Completed,0.0,-1.0,88.0,81.63,0,0,2023,5,May,Strategic (>200K)
PO00219,V0019,Laptop,Procurement,155,2933.18,454642.9,USD,2023-12-04,2024-01-03,Approved,PLANT01,PG003,Tau Energy Systems,USA,Hardware,NET30,4.7,Yes,100000,2022-06-11,GR00120,2024-01-06,140.0,155.0,Passed,Posted,INV00120,2024-01-09,410645.2,73916.14,484561.34,Pending,2024-03-05,,,,,,,3.0,,,90.32,1,0,2023,12,Dec,Strategic (>200K)
PO00220,V0013,Diesel Generator,Procurement,239,1568.69,374916.91,USD,2023-05-02,2023-05-16,Approved,PLANT03,PG003,Nu Paper Mills,Germany,Office Supplies,2/10NET30,4.3,Yes,500000,2020-02-17,GR00121,2023-06-04,238.0,239.0,Partial,Posted,INV00121,2023-06-13,373348.22,67202.68,440550.9,Disputed,2023-07-16,,,,,,,19.0,,,99.58,1,0,2023,5,May,Strategic (>200K)
PO00221,V0016,Ethernet Cable,Logistics,113,4788.93,541149.09,USD,2023-08-15,2023-09-29,Approved,PLANT04,PG003,Pi Hardware Ltd,Japan,Manufacturing,NET45,4.1,No,500000,2018-10-20,GR00122,2023-10-19,99.0,113.0,Passed,Posted,INV00122,2023-10-21,474104.07,85338.73,559442.8,Approved,2023-12-05,PAY00066,2023-12-22,559442.8,0.0,Bank Transfer,Completed,20.0,17.0,129.0,87.61,1,1,2023,8,Aug,Strategic (>200K)
PO00222,V0018,A4 Paper Ream,HR,468,2380.6,1114120.8,USD,2024-07-16,2024-08-30,Approved,PLANT04,PG003,Sigma Plastics Co,Australia,Packaging,NET15,3.4,Yes,1000000,2020-10-07,GR00123,2024-09-01,429.0,468.0,Passed,Posted,INV00123,2024-09-11,1021277.4,183829.93,1205107.33,Approved,2024-11-04,PAY00067,2024-11-04,1205107.33,0.0,ACH,Completed,2.0,0.0,111.0,91.67,1,0,2024,7,Jul,Strategic (>200K)
PO00223,V0019,Printer,IT,186,436.61,81209.46,USD,2024-12-21,2025-02-01,Cancelled,PLANT02,PG003,Tau Energy Systems,USA,Hardware,NET30,4.7,Yes,100000,2022-06-11,,,,,,,,,,,,,,,,,,,,,,,,0,0,2024,12,Dec,Large (50K–200K)
PO00224,V0017,Consulting Hours,Operations,77,864.46,66563.42,USD,2024-07-03,2024-07-23,Cancelled,PLANT04,PG001,Rho Consulting Group,China,Chemicals,NET45,3.1,Yes,1000000,2020-05-27,,,,,,,,,,,,,,,,,,,,,,,,0,0,2024,7,Jul,Large (50K–200K)
PO00225,V0015,Ethernet Cable,Admin,229,4053.03,928143.87,USD,2024-06-06,2024-07-12,Cancelled,PLANT01,PG003,Omicron IT Services,India,Logistics,NET60,3.5,Yes,100000,2021-03-07,,,,,,,,,,,,,,,,,,,,,,,,0,0,2024,6,Jun,Strategic (>200K)
PO00226,V0001,Industrial Fan,Procurement,345,4044.23,1395259.35,USD,2024-04-18,2024-04-25,Approved,PLANT01,PG001,Alpha Tech Supplies,USA,Electronics,NET30,4.4,Yes,100000,2018-10-13,GR00124,2024-05-08,277.0,345.0,Passed,Posted,INV00124,2024-05-17,1120251.71,201645.31,1321897.02,Approved,2024-06-27,PAY00068,2024-07-16,1321897.02,0.0,Wire Transfer,Completed,13.0,19.0,89.0,80.29,1,1,2024,4,Apr,Strategic (>200K)
PO00227,V0018,Office Chair,Operations,177,3516.91,622493.07,USD,2024-03-09,2024-04-15,Approved,PLANT03,PG002,Sigma Plastics Co,Australia,Packaging,NET15,3.4,Yes,1000000,2020-10-07,GR00125,2024-04-28,161.0,177.0,Passed,Posted,INV00125,2024-05-03,566222.51,101920.05,668142.56,Approved,2024-06-03,PAY00069,2024-06-28,668142.56,0.0,Cheque,Completed,13.0,25.0,111.0,90.96,1,1,2024,3,Mar,Strategic (>200K)
PO00228,V0014,Network Switch,Admin,394,720.37,283825.78,USD,2023-07-04,2023-08-08,Pending,PLANT04,PG001,Xi Furniture Works,China,IT Services,2/10NET30,3.0,Yes,50000,2019-04-15,,,,,,,,,,,,,,,,,,,,,,,,0,0,2023,7,Jul,Strategic (>200K)
PO00229,V0018,Ethernet Cable,Manufacturing,494,3325.87,1642979.78,USD,2024-11-30,2024-12-14,Approved,PLANT04,PG003,Sigma Plastics Co,Australia,Packaging,NET15,3.4,Yes,1000000,2020-10-07,GR00126,2024-12-31,482.0,494.0,Partial,Posted,INV00126,2024-12-31,1603069.34,288552.48,1891621.82,Approved,2025-02-21,PAY00070,2024-12-31,1891621.82,0.0,Wire Transfer,Completed,17.0,-52.0,31.0,97.57,1,0,2024,11,Nov,Strategic (>200K)
PO00230,V0001,Laptop,Procurement,373,4894.69,1825719.37,USD,2023-05-11,2023-06-16,Cancelled,PLANT04,PG003,Alpha Tech Supplies,USA,Electronics,NET30,4.4,Yes,100000,2018-10-13,,,,,,,,,,,,,,,,,,,,,,,,0,0,2023,5,May,Strategic (>200K)
PO00231,V0015,Network Switch,Finance,422,1186.84,500846.48,USD,2024-01-24,2024-02-17,Approved,PLANT01,PG001,Omicron IT Services,India,Logistics,NET60,3.5,Yes,100000,2021-03-07,GR00127,2024-02-21,352.0,422.0,Passed,Posted,INV00127,2024-02-27,417767.68,75198.18,492965.86,Approved,2024-03-28,PAY00071,2024-04-01,492965.86,0.0,ACH,Completed,4.0,4.0,68.0,83.41,1,1,2024,1,Jan,Strategic (>200K)
PO00232,V0001,Chemical Solvent,HR,215,3093.87,665182.05,USD,2024-11-07,2024-11-18,Approved,PLANT01,PG002,Alpha Tech Supplies,USA,Electronics,NET30,4.4,Yes,100000,2018-10-13,GR00128,2024-11-14,182.0,215.0,Passed,Posted,INV00128,2024-11-16,563084.34,101355.18,664439.52,Approved,2025-01-11,PAY00072,2024-12-31,651150.73,13288.79,Cheque,Completed,-4.0,-11.0,54.0,84.65,0,0,2024,11,Nov,Strategic (>200K)
PO00233,V0002,Chemical Solvent,IT,345,3531.27,1218288.15,USD,2024-09-04,2024-10-06,Pending,PLANT02,PG003,BetaCore Industries,USA,Raw Materials,2/10NET30,2.7,No,50000,2018-03-03,,,,,,,,,,,,,,,,,,,,,,,,0,0,2024,9,Sep,Strategic (>200K)
PO00234,V0002,Ethernet Cable,Procurement,387,4325.46,1673953.02,USD,2023-08-11,2023-09-01,Cancelled,PLANT03,PG003,BetaCore Industries,USA,Raw Materials,2/10NET30,2.7,No,50000,2018-03-03,,,,,,,,,,,,,,,,,,,,,,,,0,0,2023,8,Aug,Strategic (>200K)
PO00235,V0011,Chemical Solvent,Procurement,396,3379.03,1338095.88,USD,2024-09-04,2024-09-20,Cancelled,PLANT02,PG002,Lambda Logistics,China,Electronics,NET15,4.1,Yes,100000,2020-01-29,,,,,,,,,,,,,,,,,,,,,,,,0,0,2024,9,Sep,Strategic (>200K)
PO00236,V0019,Server Rack,Admin,141,351.74,49595.34,USD,2023-11-04,2023-12-16,Pending,PLANT01,PG002,Tau Energy Systems,USA,Hardware,NET30,4.7,Yes,100000,2022-06-11,,,,,,,,,,,,,,,,,,,,,,,,0,0,2023,11,Nov,Medium (5K–50K)
PO00237,V0017,Safety Gloves,Admin,344,1936.72,666231.68,USD,2024-10-20,2024-11-22,Approved,PLANT03,PG002,Rho Consulting Group,China,Chemicals,NET45,3.1,Yes,1000000,2020-05-27,GR00129,2024-12-03,308.0,344.0,Partial,Posted,INV00129,2024-12-11,596509.76,107371.76,703881.52,Approved,2025-02-09,PAY00073,2024-12-31,703881.52,0.0,Wire Transfer,Completed,11.0,-40.0,72.0,89.53,1,0,2024,10,Oct,Strategic (>200K)
PO00238,V0008,Chemical Solvent,Procurement,387,2712.74,1049830.38,USD,2023-07-08,2023-07-24,Pending,PLANT01,PG003,Theta Packaging Co,USA,Packaging,NET15,2.7,Yes,1000000,2022-12-19,,,,,,,,,,,,,,,,,,,,,,,,0,0,2023,7,Jul,Strategic (>200K)
PO00239,V0017,Ethernet Cable,Admin,496,2111.71,1047408.16,USD,2024-02-27,2024-03-20,Approved,PLANT02,PG002,Rho Consulting Group,China,Chemicals,NET45,3.1,Yes,1000000,2020-05-27,GR00130,2024-03-21,476.0,496.0,Passed,Posted,INV00130,2024-03-30,1005173.96,180931.31,1186105.27,Approved,2024-05-22,PAY00074,2024-06-05,1186105.27,0.0,Cheque,Completed,1.0,14.0,99.0,95.97,1,1,2024,2,Feb,Strategic (>200K)
PO00240,V0012,Steel Rod,HR,41,4615.02,189215.82,USD,2024-10-24,2024-11-03,Approved,PLANT04,PG003,Mu Chemical Corp,Japan,Raw Materials,NET45,4.2,Yes,1000000,2021-07-24,GR00131,2024-11-23,39.0,41.0,Passed,Posted,INV00131,2024-11-28,179985.78,32397.44,212383.22,Approved,2025-01-11,PAY00075,2024-12-31,212383.22,0.0,Wire Transfer,Completed,20.0,-11.0,68.0,95.12,1,0,2024,10,Oct,Large (50K–200K)
PO00241,V0003,A4 Paper Ream,HR,309,245.76,75939.84,USD,2024-09-11,2024-10-18,Approved,PLANT03,PG002,Gamma Solutions Ltd,USA,Office Supplies,NET45,3.1,Yes,1000000,2019-02-12,GR00132,2024-10-13,256.0,309.0,Passed,Posted,INV00132,2024-10-18,62914.56,11324.62,74239.18,Pending,2024-11-18,,,,,,,-5.0,,,82.85,0,0,2024,9,Sep,Large (50K–200K)
PO00242,V0004,Software License,HR,109,4688.94,511094.46,USD,2023-01-16,2023-03-02,Approved,PLANT04,PG001,Delta Manufacturing,France,IT Services,NET15,3.1,Yes,50000,2022-04-04,GR00133,2023-03-21,89.0,109.0,Passed,Posted,INV00133,2023-03-24,417315.66,75116.82,492432.48,Approved,2023-05-20,PAY00076,2023-05-25,492432.48,0.0,Cheque,Completed,19.0,5.0,129.0,81.65,1,1,2023,1,Jan,Strategic (>200K)
PO00243,V0013,Consulting Hours,Manufacturing,165,3888.79,641650.35,USD,2024-07-19,2024-08-14,Approved,PLANT03,PG003,Nu Paper Mills,Germany,Office Supplies,2/10NET30,4.3,Yes,500000,2020-02-17,GR00134,2024-08-11,144.0,165.0,Failed,Posted,INV00134,2024-08-17,559985.76,100797.44,660783.2,Approved,2024-09-29,PAY00077,2024-10-06,660783.2,0.0,Bank Transfer,Completed,-3.0,7.0,79.0,87.27,0,1,2024,7,Jul,Strategic (>200K)
PO00244,V0016,Safety Gloves,HR,239,538.11,128608.29,USD,2024-05-24,2024-06-23,Approved,PLANT04,PG001,Pi Hardware Ltd,Japan,Manufacturing,NET45,4.1,No,500000,2018-10-20,GR00135,2024-07-06,196.0,239.0,Passed,Posted,INV00135,2024-07-08,105469.56,18984.52,124454.08,Approved,2024-08-07,PAY00078,2024-09-06,124454.08,0.0,Wire Transfer,Completed,13.0,30.0,105.0,82.01,1,1,2024,5,May,Large (50K–200K)
PO00245,V0005,Laptop,Procurement,443,1145.31,507372.33,USD,2024-07-30,2024-09-10,Cancelled,PLANT04,PG002,Epsilon Electronics,Germany,Logistics,NET15,3.4,Yes,100000,2022-04-13,,,,,,,,,,,,,,,,,,,,,,,,0,0,2024,7,Jul,Strategic (>200K)
PO00246,V0013,Conveyor Belt,HR,101,1682.83,169965.83,USD,2023-06-06,2023-07-14,Cancelled,PLANT03,PG002,Nu Paper Mills,Germany,Office Supplies,2/10NET30,4.3,Yes,500000,2020-02-17,,,,,,,,,,,,,,,,,,,,,,,,0,0,2023,6,Jun,Large (50K–200K)
PO00247,V0016,Consulting Hours,Finance,495,3631.61,1797646.95,USD,2024-05-15,2024-06-13,Approved,PLANT02,PG003,Pi Hardware Ltd,Japan,Manufacturing,NET45,4.1,No,500000,2018-10-20,GR00136,2024-06-12,492.0,495.0,Failed,Posted,INV00136,2024-06-15,1786752.12,321615.38,2108367.5,Approved,2024-07-26,PAY00079,2024-08-08,2108367.5,0.0,Bank Transfer,Completed,-1.0,13.0,85.0,99.39,0,1,2024,5,May,Strategic (>200K)
PO00248,V0018,Office Chair,IT,251,961.04,241221.04,USD,2024-07-13,2024-07-24,Approved,PLANT01,PG002,Sigma Plastics Co,Australia,Packaging,NET15,3.4,Yes,1000000,2020-10-07,GR00137,2024-08-13,232.0,251.0,Passed,Posted,INV00137,2024-08-23,222961.28,40133.03,263094.31,Approved,2024-10-20,PAY00080,2024-10-27,263094.31,0.0,Wire Transfer,Completed,20.0,7.0,106.0,92.43,1,1,2024,7,Jul,Strategic (>200K)
PO00249,V0003,Ethernet Cable,IT,432,3171.97,1370291.04,USD,2023-05-21,2023-06-10,Cancelled,PLANT04,PG002,Gamma Solutions Ltd,USA,Office Supplies,NET45,3.1,Yes,1000000,2019-02-12,,,,,,,,,,,,,,,,,,,,,,,,0,0,2023,5,May,Strategic (>200K)
PO00250,V0020,Software License,Logistics,317,3206.76,1016542.92,USD,2023-03-03,2023-03-11,Approved,PLANT04,PG001,Upsilon AutoParts,UAE,Consulting,2/10NET30,2.7,No,1000000,2020-08-16,GR00138,2023-03-11,298.0,317.0,Partial,Posted,INV00138,2023-03-17,955614.48,172010.61,1127625.09,Approved,2023-04-21,PAY00081,2023-04-24,1127625.09,0.0,Cheque,Completed,0.0,3.0,52.0,94.01,0,1,2023,3,Mar,Strategic (>200K)
PO00251,V0018,Electric Motor,IT,272,3624.85,985959.2,USD,2023-01-18,2023-02-26,Pending,PLANT02,PG001,Sigma Plastics Co,Australia,Packaging,NET15,3.4,Yes,1000000,2020-10-07,,,,,,,,,,,,,,,,,,,,,,,,0,0,2023,1,Jan,Strategic (>200K)
PO00252,V0007,Fire Extinguisher,Procurement,269,787.04,211713.76,USD,2023-04-09,2023-05-08,Approved,PLANT04,PG001,Eta Global Traders,Japan,Chemicals,2/10NET30,3.2,Yes,500000,2021-01-03,GR00139,2023-05-28,234.0,269.0,Partial,Posted,INV00139,2023-06-04,184167.36,33150.12,217317.48,Pending,2023-08-03,,,,,,,20.0,,,86.99,1,0,2023,4,Apr,Strategic (>200K)
PO00253,V0019,Chemical Solvent,HR,492,2059.84,1013441.28,USD,2024-01-18,2024-02-13,Approved,PLANT01,PG001,Tau Energy Systems,USA,Hardware,NET30,4.7,Yes,100000,2022-06-11,GR00140,2024-02-13,430.0,492.0,Passed,Posted,INV00140,2024-02-18,885731.2,159431.62,1045162.82,Pending,2024-04-10,,,,,,,0.0,,,87.4,0,0,2024,1,Jan,Strategic (>200K)
PO00254,V0016,Office Chair,IT,195,1916.99,373813.05,USD,2024-02-20,2024-03-08,Approved,PLANT04,PG002,Pi Hardware Ltd,Japan,Manufacturing,NET45,4.1,No,500000,2018-10-20,GR00141,2024-03-07,162.0,195.0,Partial,Posted,INV00141,2024-03-14,310552.38,55899.43,366451.81,Approved,2024-04-16,PAY00082,2024-04-15,366451.81,0.0,Cheque,Completed,-1.0,-1.0,55.0,83.08,0,0,2024,2,Feb,Strategic (>200K)
PO00255,V0004,Diesel Generator,IT,402,1689.79,679295.58,USD,2024-10-22,2024-11-12,Approved,PLANT04,PG002,Delta Manufacturing,France,IT Services,NET15,3.1,Yes,50000,2022-04-04,GR00142,2024-11-19,390.0,402.0,Passed,Posted,INV00142,2024-11-20,659018.1,118623.26,777641.36,Approved,2024-12-23,PAY00083,2024-12-31,777641.36,0.0,ACH,Completed,7.0,8.0,70.0,97.01,1,1,2024,10,Oct,Strategic (>200K)
PO00256,V0009,Aluminium Sheet,IT,474,418.02,198141.48,USD,2023-02-17,2023-03-07,Approved,PLANT01,PG001,Iota Steel Works,Japan,Hardware,2/10NET30,3.0,Yes,50000,2021-09-16,GR00143,2023-03-07,436.0,474.0,Passed,Posted,INV00143,2023-03-17,182256.72,32806.21,215062.93,Pending,2023-05-11,,,,,,,0.0,,,91.98,0,0,2023,2,Feb,Large (50K–200K)
PO00257,V0013,Steel Rod,Procurement,74,3773.66,279250.84,USD,2024-08-24,2024-09-10,Cancelled,PLANT02,PG003,Nu Paper Mills,Germany,Office Supplies,2/10NET30,4.3,Yes,500000,2020-02-17,,,,,,,,,,,,,,,,,,,,,,,,0,0,2024,8,Aug,Strategic (>200K)
PO00258,V0011,Industrial Fan,Finance,347,4487.8,1557266.6,USD,2024-02-03,2024-02-15,Cancelled,PLANT03,PG001,Lambda Logistics,China,Electronics,NET15,4.1,Yes,100000,2020-01-29,,,,,,,,,,,,,,,,,,,,,,,,0,0,2024,2,Feb,Strategic (>200K)
PO00259,V0003,Safety Gloves,Admin,224,1199.11,268600.64,USD,2023-04-11,2023-05-08,Approved,PLANT03,PG002,Gamma Solutions Ltd,USA,Office Supplies,NET45,3.1,Yes,1000000,2019-02-12,GR00144,2023-05-23,204.0,224.0,Passed,Posted,INV00144,2023-05-31,244618.44,44031.32,288649.76,Approved,2023-07-19,PAY00084,2023-07-23,288649.76,0.0,ACH,Completed,15.0,4.0,103.0,91.07,1,1,2023,4,Apr,Strategic (>200K)
PO00260,V0013,Packaging Box,Finance,117,1811.27,211918.59,USD,2024-05-17,2024-06-30,Pending,PLANT01,PG003,Nu Paper Mills,Germany,Office Supplies,2/10NET30,4.3,Yes,500000,2020-02-17,,,,,,,,,,,,,,,,,,,,,,,,0,0,2024,5,May,Strategic (>200K)
PO00261,V0003,Steel Rod,Procurement,409,1269.93,519401.37,USD,2023-10-30,2023-11-15,Pending,PLANT02,PG003,Gamma Solutions Ltd,USA,Office Supplies,NET45,3.1,Yes,1000000,2019-02-12,,,,,,,,,,,,,,,,,,,,,,,,0,0,2023,10,Oct,Strategic (>200K)
PO00262,V0003,Laptop,Procurement,163,1835.47,299181.61,USD,2024-02-03,2024-03-09,Approved,PLANT03,PG001,Gamma Solutions Ltd,USA,Office Supplies,NET45,3.1,Yes,1000000,2019-02-12,GR00145,2024-03-14,154.0,163.0,Passed,Posted,INV00145,2024-03-20,282662.38,50879.23,333541.61,Disputed,2024-04-19,,,,,,,5.0,,,94.48,1,0,2024,2,Feb,Strategic (>200K)
PO00263,V0015,Aluminium Sheet,Admin,45,977.59,43991.55,USD,2023-05-16,2023-05-29,Approved,PLANT01,PG002,Omicron IT Services,India,Logistics,NET60,3.5,Yes,100000,2021-03-07,GR00146,2023-06-03,37.0,45.0,Passed,Posted,INV00146,2023-06-11,36170.83,6510.75,42681.58,Pending,2023-07-14,,,,,,,5.0,,,82.22,1,0,2023,5,May,Medium (5K–50K)
PO00264,V0011,Industrial Fan,IT,48,3004.78,144229.44,USD,2024-07-21,2024-08-15,Pending,PLANT04,PG001,Lambda Logistics,China,Electronics,NET15,4.1,Yes,100000,2020-01-29,,,,,,,,,,,,,,,,,,,,,,,,0,0,2024,7,Jul,Large (50K–200K)
PO00265,V0008,Conveyor Belt,Finance,464,4964.01,2303300.64,USD,2024-07-26,2024-08-26,Approved,PLANT02,PG002,Theta Packaging Co,USA,Packaging,NET15,2.7,Yes,1000000,2022-12-19,GR00147,2024-09-04,372.0,464.0,Passed,Posted,INV00147,2024-09-12,1846611.72,332390.11,2179001.83,Approved,2024-10-14,PAY00085,2024-11-05,2179001.83,0.0,Cheque,Completed,9.0,22.0,102.0,80.17,1,1,2024,7,Jul,Strategic (>200K)
PO00266,V0003,Server Rack,Admin,138,2490.96,343752.48,USD,2023-11-05,2023-11-29,Pending,PLANT03,PG002,Gamma Solutions Ltd,USA,Office Supplies,NET45,3.1,Yes,1000000,2019-02-12,,,,,,,,,,,,,,,,,,,,,,,,0,0,2023,11,Nov,Strategic (>200K)
PO00267,V0008,Software License,HR,185,1295.91,239743.35,USD,2023-03-20,2023-04-25,Approved,PLANT02,PG002,Theta Packaging Co,USA,Packaging,NET15,2.7,Yes,1000000,2022-12-19,GR00148,2023-05-12,150.0,185.0,Passed,Posted,INV00148,2023-05-18,194386.5,34989.57,229376.07,Approved,2023-07-09,PAY00086,2023-07-19,224788.55,4587.52,Cheque,Completed,17.0,10.0,121.0,81.08,1,1,2023,3,Mar,Strategic (>200K)
PO00268,V0020,Industrial Fan,Manufacturing,486,2008.68,976218.48,USD,2023-01-07,2023-02-11,Approved,PLANT04,PG003,Upsilon AutoParts,UAE,Consulting,2/10NET30,2.7,No,1000000,2020-08-16,GR00149,2023-03-01,388.0,486.0,Failed,Posted,INV00149,2023-03-11,779367.84,140286.21,919654.05,Disputed,2023-04-17,,,,,,,18.0,,,79.84,1,0,2023,1,Jan,Strategic (>200K)
PO00269,V0020,A4 Paper Ream,Logistics,70,1537.15,107600.5,USD,2024-08-31,2024-09-27,Approved,PLANT04,PG002,Upsilon AutoParts,UAE,Consulting,2/10NET30,2.7,No,1000000,2020-08-16,GR00150,2024-10-15,61.0,70.0,Failed,Posted,INV00150,2024-10-24,93766.15,16877.91,110644.06,Disputed,2024-12-15,,,,,,,18.0,,,87.14,1,0,2024,8,Aug,Large (50K–200K)
PO00270,V0016,Conveyor Belt,HR,377,3490.04,1315745.08,USD,2023-10-26,2023-11-22,Pending,PLANT03,PG002,Pi Hardware Ltd,Japan,Manufacturing,NET45,4.1,No,500000,2018-10-20,,,,,,,,,,,,,,,,,,,,,,,,0,0,2023,10,Oct,Strategic (>200K)
PO00271,V0007,Conveyor Belt,Finance,59,4663.73,275160.07,USD,2024-01-09,2024-02-20,Approved,PLANT04,PG003,Eta Global Traders,Japan,Chemicals,2/10NET30,3.2,Yes,500000,2021-01-03,GR00151,2024-03-01,57.0,59.0,Partial,Posted,INV00151,2024-03-03,265832.61,47849.87,313682.48,Pending,2024-04-23,,,,,,,10.0,,,96.61,1,0,2024,1,Jan,Strategic (>200K)
PO00272,V0003,Packaging Box,Logistics,225,3998.54,899671.5,USD,2023-08-03,2023-08-18,Approved,PLANT02,PG002,Gamma Solutions Ltd,USA,Office Supplies,NET45,3.1,Yes,1000000,2019-02-12,GR00152,2023-08-25,184.0,225.0,Partial,Posted,INV00152,2023-09-02,735731.36,132431.64,868163.0,Approved,2023-10-23,PAY00087,2023-11-04,868163.0,0.0,ACH,Completed,7.0,12.0,93.0,81.78,1,1,2023,8,Aug,Strategic (>200K)
PO00273,V0013,Steel Rod,Logistics,79,3590.42,283643.18,USD,2024-11-05,2024-12-20,Pending,PLANT04,PG003,Nu Paper Mills,Germany,Office Supplies,2/10NET30,4.3,Yes,500000,2020-02-17,,,,,,,,,,,,,,,,,,,,,,,,0,0,2024,11,Nov,Strategic (>200K)
PO00274,V0014,Aluminium Sheet,IT,473,4605.94,2178609.62,USD,2024-06-02,2024-07-02,Cancelled,PLANT01,PG001,Xi Furniture Works,China,IT Services,2/10NET30,3.0,Yes,50000,2019-04-15,,,,,,,,,,,,,,,,,,,,,,,,0,0,2024,6,Jun,Strategic (>200K)
PO00275,V0006,Fire Extinguisher,IT,337,3340.23,1125657.51,USD,2023-09-12,2023-10-25,Pending,PLANT03,PG002,Zeta Raw Materials,Japan,Manufacturing,NET30,2.7,Yes,200000,2022-10-02,,,,,,,,,,,,,,,,,,,,,,,,0,0,2023,9,Sep,Strategic (>200K)
PO00276,V0008,Diesel Generator,HR,6,538.1,3228.6,USD,2023-04-19,2023-05-24,Approved,PLANT04,PG002,Theta Packaging Co,USA,Packaging,NET15,2.7,Yes,1000000,2022-12-19,GR00153,2023-06-08,5.0,6.0,Passed,Posted,INV00153,2023-06-11,2690.5,484.29,3174.79,Disputed,2023-08-08,,,,,,,15.0,,,83.33,1,0,2023,4,Apr,Small (<5K)
PO00277,V0005,Network Switch,IT,302,3467.66,1047233.32,USD,2024-11-26,2025-01-02,Approved,PLANT03,PG002,Epsilon Electronics,Germany,Logistics,NET15,3.4,Yes,100000,2022-04-13,GR00154,2024-12-31,246.0,302.0,Passed,Posted,INV00154,2024-12-31,853044.36,153547.98,1006592.34,Approved,2025-02-19,PAY00088,2024-12-31,1006592.34,0.0,Wire Transfer,Completed,-2.0,-50.0,35.0,81.46,0,0,2024,11,Nov,Strategic (>200K)
PO00278,V0005,Network Switch,Procurement,60,4165.02,249901.2,USD,2023-03-29,2023-04-26,Pending,PLANT02,PG003,Epsilon Electronics,Germany,Logistics,NET15,3.4,Yes,100000,2022-04-13,,,,,,,,,,,,,,,,,,,,,,,,0,0,2023,3,Mar,Strategic (>200K)
PO00279,V0015,Consulting Hours,Manufacturing,179,2407.0,430853.0,USD,2024-05-09,2024-05-20,Approved,PLANT01,PG003,Omicron IT Services,India,Logistics,NET60,3.5,Yes,100000,2021-03-07,GR00155,2024-05-15,154.0,179.0,Passed,Posted,INV00155,2024-05-24,370678.0,66722.04,437400.04,Pending,2024-07-20,,,,,,,-5.0,,,86.03,0,0,2024,5,May,Strategic (>200K)
PO00280,V0004,Server Rack,HR,12,4253.44,51041.28,USD,2023-04-28,2023-06-07,Approved,PLANT02,PG002,Delta Manufacturing,France,IT Services,NET15,3.1,Yes,50000,2022-04-04,GR00156,2023-06-12,10.0,12.0,Passed,Posted,INV00156,2023-06-15,42534.4,7656.19,50190.59,Approved,2023-08-08,PAY00089,2023-08-22,50190.59,0.0,Wire Transfer,Completed,5.0,14.0,116.0,83.33,1,1,2023,4,Apr,Large (50K–200K)
PO00281,V0008,Industrial Fan,Finance,219,4794.39,1049971.41,USD,2024-07-27,2024-08-14,Pending,PLANT04,PG001,Theta Packaging Co,USA,Packaging,NET15,2.7,Yes,1000000,2022-12-19,,,,,,,,,,,,,,,,,,,,,,,,0,0,2024,7,Jul,Strategic (>200K)
PO00282,V0019,Packaging Box,Admin,453,1026.76,465122.28,USD,2024-09-20,2024-09-27,Approved,PLANT02,PG002,Tau Energy Systems,USA,Hardware,NET30,4.7,Yes,100000,2022-06-11,GR00157,2024-10-15,369.0,453.0,Passed,Posted,INV00157,2024-10-21,378874.44,68197.4,447071.84,Approved,2024-11-30,PAY00090,2024-12-06,447071.84,0.0,Bank Transfer,Completed,18.0,6.0,77.0,81.46,1,1,2024,9,Sep,Strategic (>200K)
PO00283,V0019,Printer,Finance,415,3990.24,1655949.6,USD,2024-12-21,2025-01-20,Approved,PLANT02,PG002,Tau Energy Systems,USA,Hardware,NET30,4.7,Yes,100000,2022-06-11,GR00158,2024-12-31,413.0,415.0,Passed,Posted,INV00158,2024-12-31,1647969.12,296634.44,1944603.56,Disputed,2025-02-06,,,,,,,-20.0,,,99.52,0,0,2024,12,Dec,Strategic (>200K)
PO00284,V0016,Diesel Generator,Manufacturing,135,3369.97,454945.95,USD,2023-04-27,2023-06-11,Pending,PLANT04,PG003,Pi Hardware Ltd,Japan,Manufacturing,NET45,4.1,No,500000,2018-10-20,,,,,,,,,,,,,,,,,,,,,,,,0,0,2023,4,Apr,Strategic (>200K)
PO00285,V0015,Fire Extinguisher,Finance,179,1792.33,320827.07,USD,2023-04-27,2023-05-23,Cancelled,PLANT01,PG003,Omicron IT Services,India,Logistics,NET60,3.5,Yes,100000,2021-03-07,,,,,,,,,,,,,,,,,,,,,,,,0,0,2023,4,Apr,Strategic (>200K)
PO00286,V0010,Printer,Finance,161,633.42,101980.62,USD,2023-05-18,2023-06-17,Approved,PLANT04,PG002,Kappa Office Supplies,UK,Consulting,NET60,5.0,Yes,50000,2020-02-18,GR00159,2023-06-25,159.0,161.0,Partial,Posted,INV00159,2023-07-02,100713.78,18128.48,118842.26,Pending,2023-08-27,,,,,,,8.0,,,98.76,1,0,2023,5,May,Large (50K–200K)
PO00287,V0014,Server Rack,Logistics,71,2895.29,205565.59,USD,2024-09-02,2024-10-13,Approved,PLANT02,PG002,Xi Furniture Works,China,IT Services,2/10NET30,3.0,Yes,50000,2019-04-15,GR00160,2024-10-21,59.0,71.0,Passed,Posted,INV00160,2024-10-23,170822.11,30747.98,201570.09,Pending,2024-12-06,,,,,,,8.0,,,83.1,1,0,2024,9,Sep,Strategic (>200K)
PO00288,V0015,Fire Extinguisher,IT,72,976.14,70282.08,USD,2023-10-23,2023-11-21,Approved,PLANT04,PG001,Omicron IT Services,India,Logistics,NET60,3.5,Yes,100000,2021-03-07,GR00161,2023-11-22,71.0,72.0,Partial,Posted,INV00161,2023-11-30,69305.94,12475.07,81781.01,Approved,2024-01-26,PAY00091,2024-01-29,81781.01,0.0,Cheque,Completed,1.0,3.0,98.0,98.61,1,1,2023,10,Oct,Large (50K–200K)
PO00289,V0018,Diesel Generator,Logistics,418,1950.52,815317.36,USD,2023-07-19,2023-08-21,Pending,PLANT04,PG003,Sigma Plastics Co,Australia,Packaging,NET15,3.4,Yes,1000000,2020-10-07,,,,,,,,,,,,,,,,,,,,,,,,0,0,2023,7,Jul,Strategic (>200K)
PO00290,V0019,Laptop,HR,251,877.9,220352.9,USD,2024-03-30,2024-04-24,Approved,PLANT03,PG001,Tau Energy Systems,USA,Hardware,NET30,4.7,Yes,100000,2022-06-11,GR00162,2024-05-12,247.0,251.0,Passed,Posted,INV00162,2024-05-20,216841.3,39031.43,255872.73,Approved,2024-06-22,PAY00092,2024-06-21,255872.73,0.0,Bank Transfer,Completed,18.0,-1.0,83.0,98.41,1,0,2024,3,Mar,Strategic (>200K)
PO00291,V0015,Conveyor Belt,Logistics,148,882.63,130629.24,USD,2024-07-04,2024-08-15,Cancelled,PLANT01,PG003,Omicron IT Services,India,Logistics,NET60,3.5,Yes,100000,2021-03-07,,,,,,,,,,,,,,,,,,,,,,,,0,0,2024,7,Jul,Large (50K–200K)
PO00292,V0012,Aluminium Sheet,IT,138,3886.81,536379.78,USD,2023-04-27,2023-06-01,Cancelled,PLANT02,PG002,Mu Chemical Corp,Japan,Raw Materials,NET45,4.2,Yes,1000000,2021-07-24,,,,,,,,,,,,,,,,,,,,,,,,0,0,2023,4,Apr,Strategic (>200K)
PO00293,V0008,Electric Motor,IT,377,4158.85,1567886.45,USD,2023-04-15,2023-05-20,Approved,PLANT03,PG001,Theta Packaging Co,USA,Packaging,NET15,2.7,Yes,1000000,2022-12-19,GR00163,2023-06-05,322.0,377.0,Passed,Posted,INV00163,2023-06-06,1339149.7,241046.95,1580196.65,Approved,2023-07-18,PAY00093,2023-08-07,1580196.65,0.0,Cheque,Completed,16.0,20.0,114.0,85.41,1,1,2023,4,Apr,Strategic (>200K)
PO00294,V0008,A4 Paper Ream,Manufacturing,444,4970.09,2206719.96,USD,2024-03-25,2024-04-28,Approved,PLANT02,PG001,Theta Packaging Co,USA,Packaging,NET15,2.7,Yes,1000000,2022-12-19,GR00164,2024-04-24,390.0,444.0,Failed,Posted,INV00164,2024-04-25,1938335.1,348900.32,2287235.42,Disputed,2024-06-11,,,,,,,-4.0,,,87.84,0,0,2024,3,Mar,Strategic (>200K)
PO00295,V0012,Aluminium Sheet,Procurement,413,343.82,141997.66,USD,2023-07-31,2023-09-14,Cancelled,PLANT02,PG002,Mu Chemical Corp,Japan,Raw Materials,NET45,4.2,Yes,1000000,2021-07-24,,,,,,,,,,,,,,,,,,,,,,,,0,0,2023,7,Jul,Large (50K–200K)
PO00296,V0009,Diesel Generator,Operations,150,1482.2,222330.0,USD,2024-12-21,2025-01-05,Pending,PLANT01,PG002,Iota Steel Works,Japan,Hardware,2/10NET30,3.0,Yes,50000,2021-09-16,,,,,,,,,,,,,,,,,,,,,,,,0,0,2024,12,Dec,Strategic (>200K)
PO00297,V0005,Chemical Solvent,Finance,65,3522.06,228933.9,USD,2024-11-02,2024-11-29,Approved,PLANT04,PG002,Epsilon Electronics,Germany,Logistics,NET15,3.4,Yes,100000,2022-04-13,GR00165,2024-11-28,52.0,65.0,Failed,Posted,INV00165,2024-11-30,183147.12,32966.48,216113.6,Disputed,2025-01-29,,,,,,,-1.0,,,80.0,0,0,2024,11,Nov,Strategic (>200K)
PO00298,V0014,Industrial Fan,Logistics,296,3180.39,941395.44,USD,2023-05-26,2023-06-06,Approved,PLANT04,PG003,Xi Furniture Works,China,IT Services,2/10NET30,3.0,Yes,50000,2019-04-15,GR00166,2023-06-03,254.0,296.0,Partial,Posted,INV00166,2023-06-08,807819.06,145407.43,953226.49,Disputed,2023-07-25,,,,,,,-3.0,,,85.81,0,0,2023,5,May,Strategic (>200K)
PO00299,V0012,Consulting Hours,Logistics,356,4684.86,1667810.16,USD,2023-10-12,2023-11-08,Cancelled,PLANT01,PG003,Mu Chemical Corp,Japan,Raw Materials,NET45,4.2,Yes,1000000,2021-07-24,,,,,,,,,,,,,,,,,,,,,,,,0,0,2023,10,Oct,Strategic (>200K)
PO00300,V0012,Steel Rod,Admin,375,4862.14,1823302.5,USD,2023-04-06,2023-04-26,Pending,PLANT02,PG002,Mu Chemical Corp,Japan,Raw Materials,NET45,4.2,Yes,1000000,2021-07-24,,,,,,,,,,,,,,,,,,,,,,,,0,0,2023,4,Apr,Strategic (>200K)
